address,location,hot,style,space,price
新市府中海康城橙郡,"123.4723718793246,41.70855994415282",47,3室2厅,115.52平米,160万
金廊迎新社区,"123.44420919311183,41.80169841632692",527,2室1厅,95.21平米,53万
新市府中海康城橙郡,"123.4723718793246,41.70855994415282",14,2室1厅,84.3平米,118万
启工街方大胜景,"123.34685704024845,41.81800887104804",7,2室1厅,91.6平米,120万
北行嘉陵江社区,"123.42218040641285,41.836003449336079",0,1室1厅,24.32平米,51万
西三台子恒大城二期,"122.63645395650627,41.81711401492",22,2室1厅,83.22平米,79万
奥体浦江御景湾,"123.44009899625094,41.742661809343797",13,3室2厅,98.08平米,146万
奥体名流印象四期,"123.46885097087825,41.81519691328212",7,2室2厅,84.6平米,107万
新市府中海康城橙郡,"123.4723718793246,41.70855994415282",15,2室2厅,87.62平米,128万
铁西广场华润置地公馆,"123.3812172260051,41.802670520533037",6,2室1厅,97.58平米,149.8万
东湖恒大江湾,"123.55530012027538,41.77914656495331",28,4室2厅,169平米,130万
滑翔惠盛苑,"123.38341825416565,41.78544126393487",42,1室1厅,59平米,57万
新市府藏珑白塔湾里,"123.48767801707857,41.70602986342725",104,3室1厅,124平米,168万
奥体新华国际公寓,"123.46540560992529,41.75235211752397",5,2室1厅,105.21平米,115万
长青格林馨港湾,"123.50322687698133,41.75167342213017",46,2室1厅,96.07平米,116万
新市府月星中央公园,"123.47471304314472,41.70751390149615",5,3室2厅,101.17平米,125万
金廊文萃小区,"123.44566992770162,41.77013641783994",5,1室1厅,38平米,67万
东湖荣盛紫提东郡三期,"123.55719761100412,41.77395330751448",62,2室1厅,75.84平米,77万
于洪新城阳光100国际新城E组团,"123.369779012116,41.758321890256947",22,1室1厅,61.23平米,48.5万
丁香湖华润橡树湾二期,"123.36958030693718,41.861365057648558",11,2室2厅,91.27平米,113万
四台子郡源悦城,"123.40781299791682,41.91318390286774",31,2室2厅,78.5平米,80万
长白恒大半岛天境,"123.42639193213528,41.7441468116949",9,3室2厅,122.58平米,264万
奥体名流印象四期,"123.46885097087825,41.81519691328212",35,2室1厅,73.45平米,77万
三好街汇景新世界,"123.43082201558829,41.76003589269061",34,2室1厅,97平米,169万
白塔郡原小石城二期E区,"123.41652350712487,41.694498698083659",9,2室1厅,58.85平米,63万
长白富海澜湾半岛,"123.4210367736681,41.738872649414059",8,2室2厅,63.25平米,110万
西三台子银亿万万城,"123.40305898549691,41.89001889850454",123,2室2厅,79.41平米,70万
于洪新城新城惠泽园,"123.34243198730629,41.76552191051638",5,2室1厅,74.86平米,65万
于洪新城恒大绿洲（一期四期七期）,"123.34116097484024,41.74869888987581",8,2室2厅,78.89平米,82万
满融九洲湾景汇,"123.38698524568467,41.70728899234354",4,2室2厅,92.4平米,115万
于洪新城阳光100国际新城C组团,"123.369779012116,41.758321890256947",14,2室1厅,66.47平米,64万
丁香湖华润橡树湾二期,"123.36958030693718,41.861365057648558",5,2室1厅,75.84平米,112万
于洪新城恒大绿洲（三期五期）,"123.34106395784515,41.751465890179257",28,3室2厅,178.7平米,150万
蒲河新城龙湖滟澜山,"123.60854304717397,41.952430159288919",26,3室3厅,105平米,110万
道义太湖国际花园,"123.40172886452828,41.94487640649539",15,1室1厅,36.83平米,30万
保工北假日蓝湾,"123.36053886197925,41.81486552914193",20,2室1厅,56.18平米,60万
奥体名流印象四期,"123.46885097087825,41.81519691328212",10,2室1厅,87.74平米,115万
云峰晶座,"123.38704830673147,41.800584329798997",7,2室1厅,81.96平米,125万
长青文华苑B区,"123.515606694706,41.754111014239587",4,2室2厅,87.29平米,65万
北行金港天府,"123.41853490299225,41.819484724441199",6,2室2厅,92.81平米,57.8万
奥体名流印象四期,"123.46885097087825,41.81519691328212",25,1室1厅,65.46平米,81万
长白新加坡城,"123.40133495756216,41.734939737245067",99,3室2厅,99.58平米,158万
经济技术开发区三一新境界,"123.25046957767222,41.750509619959867",14,4室2厅,156平米,95万
奥体华发首府,"123.46637892394534,41.73934168934656",5,2室1厅,75.61平米,120万
西站宏发长岛,"123.33907403147946,41.78287187390181",11,2室1厅,91平米,88万
北行华山小区,"123.40519560515239,41.81987313658539",18,2室1厅,79平米,65.8万
东湖恒大江湾,"123.55530012027538,41.77914656495331",8,3室2厅,131.18平米,119.9万
铁西广场晋斯佳苑,"123.3809119817928,41.808568566198427",3,1室1厅,58平米,62万
三好街中国北方航空城,"123.44176337669981,41.760300636776019",4,1室1厅,58.66平米,72万
于洪新城恒大绿洲（三期五期）,"123.34106395784515,41.751465890179257",69,3室2厅,119.03平米,104万
北二路欧尚一品,"123.38787807153105,41.80750332889244",3,2室1厅,70.86平米,88.5万
丁香湖金辉湖畔里,"123.35309927540672,41.847599023881759",14,2室2厅,71.23平米,82万
于洪新城新加坡花园,"123.33043781213707,41.756139332447457",3,2室1厅,80.48平米,90万
四台子碧桂园学府壹号,"123.41074560608469,41.90117078904594",7,2室2厅,82平米,81万
蒲河新城风度泊林,"123.60883086425938,41.92574559349278",6,1室1厅,60.77平米,19万
五爱华润中央公园,"123.45257187842643,41.786707497885277",14,1室0厅,40平米,70万
荷兰村中海城锦城,"123.37316544422753,41.8772888577319",6,2室1厅,87平米,90万
铁西广场君临天下熙城桃源,"123.37848754505193,41.80965139466337",5,2室1厅,64平米,82万
新华广场沈铁光复里,"123.40013895360618,41.78375080603712",8,2室1厅,64平米,73万
八王寺龙净运河湾3号,"123.48579480940744,41.819093017125819",7,3室2厅,125.26平米,137万
长白半岛公馆,"123.40229246140525,41.743127659221318",3,4室2厅,230.17平米,480万
长白和泓国际,"123.40945788513614,41.742456401029759",5,2室2厅,93.88平米,160万
塔湾中海寰宇天下A区,"123.38418073588251,41.83262604968778",0,2室1厅,79平米,116万
奥体名流印象四期,"123.46885097087825,41.81519691328212",60,2室1厅,73.46平米,86万
会展中心顶盛国际花园,"123.4002624706138,41.70173986023116",15,3室2厅,96.64平米,81万
八王寺大华水岸府邸,"123.48144395650042,41.81956086147243",35,3室2厅,137平米,128万
于洪新城碧桂园银河城银座,"123.35389149103598,41.75648023801295",46,3室2厅,118.69平米,145万
长客华润紫云府二期,"123.46774102459011,41.84343489676678",7,2室2厅,88平米,143万
长白华润幸福里四期,"123.40623799886618,41.7496197342241",3,2室1厅,87.44平米,201万
于洪新城恒大绿洲（三期五期）,"123.34106395784515,41.751465890179257",35,3室2厅,110.46平米,104万
金廊兴胜小区,"123.43863403962526,41.78940890997759",2,1室0厅,33.69平米,64万
南塔城建乾元,"123.46932922873177,41.76943228876627",8,1室1厅,61.6平米,61万
道义太湖明珠花园,"123.39336779616362,41.951159248173038",8,2室2厅,78.73平米,74万
四台子保利溪湖林语三期,"123.38752512729617,41.9067418715059",3,1室1厅,47.89平米,56.5万
奥体沿海赛洛城,"123.46629897475495,41.73607367892225",57,3室2厅,132平米,132万
于洪新城恒大绿洲（八期）,"123.3356130400106,41.746871894755638",34,3室2厅,131平米,112万
北行华山小区,"123.40519560515239,41.81987313658539",8,2室1厅,53平米,39.8万
铁西广场贵和十八里,"123.36825800122651,41.79253885467945",29,2室1厅,62平米,44万
于洪新城益格风情湾2期,"123.32884942833432,41.771780902144147",1,2室2厅,95.26平米,95万
奥体名流印象五期,"123.46885097087825,41.81519691328212",10,3室2厅,133.73平米,179万
东中街中街北苑,"123.06531273239713,41.874303948999429",18,2室1厅,75.97平米,67万
丁香湖美的城,"123.47109664482264,41.68383006919066",27,2室1厅,94.03平米,94万
新市府中海康城橙郡,"123.4723718793246,41.70855994415282",222,3室2厅,121平米,137万
长白新加坡城,"123.40133495756216,41.734939737245067",19,2室1厅,89.86平米,128万
北行华山小区,"123.40519560515239,41.81987313658539",57,2室1厅,67平米,53.8万
奥体名流印象一期,"123.46885097087825,41.81519691328212",25,2室1厅,95.89平米,110万
东湖荣盛紫提东郡二期,"123.55719761100412,41.77395330751448",41,3室1厅,87.75平米,88.5万
长青金地滨河国际・悦城,"123.52572404017322,41.75540948705023",35,1室1厅,54.18平米,65万
八王寺龙净运河湾3号,"123.48579480940744,41.819093017125819",0,3室2厅,125平米,170万
道义沈阳雅居乐花园A地块,"123.38715466610386,41.93706901352872",8,1室1厅,42平米,46万
铁西广场四季嘉园二期,"123.37594713706972,41.80803719319155",6,1室1厅,50.56平米,61万
于洪广场双子雅苑,"123.30940506658755,41.805121821466418",21,2室1厅,93.11平米,78.5万
三好街御景新世界,"123.42951534039348,41.75788332638019",31,2室2厅,102.33平米,220万
二十一世纪万锦紫园,"123.4576791944034,41.72095658949811",1,2室1厅,53.33平米,70万
奥体万锦香樟树,"123.46750198549391,41.745004951273099",46,1室1厅,50.13平米,73.5万
塔湾华泰新都F区,"123.39791636611338,41.82624282427024",2,2室2厅,90.69平米,110万
白塔信达理想城二期,"123.44630871274976,41.69925758023522",9,3室2厅,99.22平米,105万
长白深航翡翠城,"123.4042159131632,41.75569913913679",11,3室2厅,102.93平米,182万
于洪新城碧桂园银河城星荟,"123.33936364517587,41.760773487422209",6,1室1厅,60平米,65.5万
东中街东远国际花园,"123.48029403561709,41.814425338655009",8,1室0厅,40.34平米,45万
塔湾寿泉社区,"123.39310845536289,41.825044772617207",10,2室1厅,51平米,59.8万
五爱泊岸华庭,"123.45117384556125,41.784796740975817",7,2室1厅,86.97平米,208万
长青金地檀溪,"123.52521586874622,41.7565849712625",3,2室2厅,88.02平米,122万
万柳塘怡静园公寓,"123.46821074854128,41.78166103625145",20,3室2厅,141平米,99.6万
保工北宏伟金都,"123.3594871258882,41.810138261560137",13,2室2厅,93.99平米,114万
霁虹鑫丰又一城,"123.40044114357973,41.80742966427363",9,2室1厅,82.55平米,100万
蒲河新城水墨丹青,"123.59984601254858,41.922629858848868",110,3室2厅,97平米,42万
奥体佳园新村,"123.45603385803132,41.74345046885191",16,1室1厅,60.16平米,45万
长白万科鹿特丹,"123.4056997342046,41.735567000853247",6,2室1厅,92平米,178万
启工街第一城D组团,"123.35414104030666,41.81390691804149",52,2室2厅,83平米,88万
白塔信达理想城,"123.44630871274976,41.69925758023522",4,2室2厅,115.68平米,92万
正良融创唐轩公馆,"123.41378699904982,41.920464882467268",16,2室1厅,62平米,64万
道义融创唐轩北廷,"123.44343799783153,41.93699791390551",9,2室2厅,71.23平米,70万
张士佰世品德,"123.31025531275273,41.77533973735672",20,2室1厅,77.77平米,77万
长白龙湖唐宁ONE,"128.20758420219489,41.425895812593768",4,3室2厅,112.44平米,248万
奥体首创国际城,"123.45108895569057,41.73828787538557",13,2室2厅,96.27平米,128万
四台子保利溪湖林语三期,"123.38752512729617,41.9067418715059",4,2室2厅,88.39平米,98万
云峰晶座,"123.38704830673147,41.800584329798997",10,2室1厅,60平米,79.9万
长青文华苑B区,"123.515606694706,41.754111014239587",10,2室2厅,86.4平米,66万
道义中铁人杰水岸三期,"123.40393249777482,41.94480464497359",14,1室1厅,46.21平米,46万
长白富海澜湾半岛,"123.4210367736681,41.738872649414059",18,2室1厅,64平米,103万
道义荣盛香缇澜山二期,"123.42026432076007,41.93726547612896",10,2室1厅,77.73平米,72万
二十一世纪金地锦城西区,"123.45992625263659,41.71814283680586",15,3室1厅,129.2平米,162万
于洪广场和泰尚东区,"123.31596997308502,41.80026288525324",1,2室1厅,58.57平米,52万
五爱顺发巷小区,"123.44635776023061,41.784236795430128",0,1室1厅,44.92平米,95万
北行华山小区,"123.40519560515239,41.81987313658539",9,2室1厅,68平米,43万
四台子保利溪湖林语三期,"123.38752512729617,41.9067418715059",8,1室1厅,48.01平米,54万
道义亚泰城,"123.4660961373708,41.94102289883927",12,2室1厅,95.84平米,87万
南湖东大社区,"123.41504130303339,41.77197021047638",118,2室2厅,101.96平米,72万
启工街第一城F组团,"123.35485896607023,41.81134687705773",24,2室1厅,75平米,86万
长白中海和平之门,"123.42016236308467,41.73547764207218",18,2室2厅,84.27平米,168万
长白中海和平之门,"123.42016236308467,41.73547764207218",34,2室2厅,84.94平米,166万
长青华发岭南荟,"123.496405055108,41.74524479770514",9,3室2厅,119.68平米,165万
东中街德增小区,"123.4691177676147,41.815466602648857",6,4室2厅,117.6平米,84.8万
经济技术开发区远大花园,"123.24798055276517,41.74915198086433",6,2室2厅,65平米,55万
云峰化院小区,"123.38591967568873,41.799195626622957",16,2室2厅,103.77平米,72.5万
道义太湖国际花园,"123.40172886452828,41.94487640649539",8,2室1厅,80.22平米,72万
长白中海和平之门,"123.42016236308467,41.73547764207218",17,2室2厅,67.6平米,126万
长青东亚国际城,"123.53270728754667,41.754119288278499",78,2室2厅,86.34平米,90万
蒲河新城泰盈九如溪谷,"123.60239917646904,41.94007243013965",10,2室1厅,43平米,24万
正良融创唐轩公馆,"123.41378699904982,41.920464882467268",2,2室1厅,82.6平米,89万
长白中海和平之门,"123.42016236308467,41.73547764207218",8,2室2厅,83.19平米,169万
新市府首创光和城,"123.47061398527213,41.70305286449807",4,1室1厅,46.11平米,63万
长白滨河湾一期,"123.41724691255206,41.73836336946924",49,3室2厅,128.5平米,148万
道义中铁人杰水岸一期,"123.40481822700765,41.94943235879431",7,4室2厅,89.35平米,205万
正良华强城一期,"123.4101122108696,41.91980113119969",7,1室1厅,52.3平米,53万
上园康都,"123.48590368403527,41.84227357840019",11,2室1厅,70.66平米,54万
云峰君临天下杏花雅居,"123.3858900316069,41.806432696673699",6,2室1厅,73.05平米,98万
长白中海和平之门四期城市庭院,"123.42016236308467,41.73547764207218",22,2室1厅,87平米,165万
道义中铁人杰水岸一期,"123.40481822700765,41.94943235879431",34,1室1厅,44.86平米,36万
道义三盛颐景蓝湾,"123.44191932253635,41.95160640364431",5,2室1厅,86平米,82万
正良融创唐轩公馆,"123.41378699904982,41.920464882467268",4,2室1厅,68.9平米,72万
长白万科鹿特丹,"123.4056997342046,41.735567000853247",31,2室1厅,92平米,170万
保工北假日蓝湾,"123.36053886197925,41.81486552914193",2,2室1厅,85.55平米,94万
八王寺枫合万嘉三期,"123.47210202834941,41.82402664613428",21,2室1厅,101.04平米,115万
铁西广场盛世华城,"123.37274548640161,41.79960768992843",4,2室2厅,106.41平米,78万
理工大学SR国际新城,"123.45870227454872,41.73932311890274",29,3室2厅,122.14平米,111万
道义碧桂园太阳城,"123.43236656208214,41.949660503225569",6,2室1厅,91.54平米,81万
西三台子恒大城二期,"122.63645395650627,41.81711401492",16,2室1厅,86.58平米,79万
霁虹北华城,"123.39667715366238,41.803427046887978",30,2室1厅,64.5平米,73万
金廊万科春河里,"123.43766602560771,41.785989903413227",4,1室1厅,68.75平米,200万
荷兰村泰华林家园,"123.3795737760746,41.8824092959804",46,3室2厅,88平米,51.5万
长白中海和平之门,"123.42016236308467,41.73547764207218",25,2室1厅,85.47平米,158万
道义太湖国际花园,"123.40172886452828,41.94487640649539",11,1室1厅,56.3平米,48万
西三台子五矿弘园,"123.4182319943743,41.89094286620438",3,1室1厅,53.4平米,67万
兴工街凯旋门,"123.4017276455277,41.811600049622899",17,3室2厅,109.49平米,185万
白塔信达尚城,"123.44671663328184,41.695157062344218",18,3室2厅,137.85平米,175万
金廊兴胜小区,"123.43863403962526,41.78940890997759",22,2室1厅,76平米,100万
理工大学SR国际新城,"123.45870227454872,41.73932311890274",50,3室2厅,139平米,125万
新市府绿城全运村锦兰苑A区,"123.47950828778753,41.682957435524517",14,3室2厅,133.87平米,190万
保工北其仕郡,"123.36852354033526,41.818289569417128",2,2室2厅,80.92平米,105万
启工街第一城D组团,"123.35414104030666,41.81390691804149",0,2室1厅,100.15平米,129万
于洪广场东湖街,"123.31596997308502,41.80026288525324",11,2室1厅,54.2平米,19万
道义太湖国际花园,"123.40172886452828,41.94487640649539",1,1室1厅,54.36平米,47万
新立堡中金启城,"123.52912026381479,41.812016669868317",4,2室1厅,57平米,58万
长青金地国际花园,"123.49086188129758,41.74958939393341",200,3室2厅,127.23平米,185万
奥体沈阳奥体万达公馆,"123.46403254995328,41.738778921755109",45,3室2厅,222.82平米,303万
会展中心泰盈十里锦城,"123.37295964243518,41.675912828957937",11,3室2厅,110.21平米,69万
奥体沈阳奥体万达公馆,"123.46403254995328,41.738778921755109",4,4室1厅,163.53平米,265万
长青泰荣湾,"123.5327721452045,41.754101327558519",1,2室2厅,92.23平米,103万
丁香湖美的城,"123.47109664482264,41.68383006919066",6,3室2厅,113.01平米,135万
道义太湖国际花园,"123.40172886452828,41.94487640649539",3,3室2厅,107.31平米,97万
长青鑫科苑,"123.49220547684885,41.75283229233409",104,3室2厅,143.64平米,139万
霁虹保利百合花园北园,"123.39486051042954,41.81039842868953",127,3室2厅,106平米,137.6万
长白中海国际社区一期,"123.41194699987374,41.74666131972309",5,3室2厅,150.64平米,310万
长青金地滨河国际・上城,"123.52572404017322,41.75540948705023",2,3室2厅,104.88平米,145万
北二路云峰嘉园,"123.39063110842747,41.808770467957639",3,2室1厅,75.27平米,86万
长青河畔新城五期,"123.48498471749855,41.75436172386834",16,4室2厅,162平米,198万
长白新加坡城,"123.40133495756216,41.734939737245067",20,2室1厅,67.39平米,105万
白塔信达理想城,"123.44630871274976,41.69925758023522",6,3室2厅,140.04平米,138万
长白华润幸福里四期,"123.40623799886618,41.7496197342241",10,2室1厅,87.44平米,185万
北陵陵东街,"123.44659509254635,41.848538708670258",21,2室2厅,104.68平米,65万
长白中海国际社区一期,"123.41194699987374,41.74666131972309",20,3室2厅,129.73平米,220万
长白富海澜湾半岛,"123.4210367736681,41.738872649414059",16,1室2厅,63.59平米,99万
荷兰村华邑世纪城,"123.39336043005844,41.884503004460118",0,2室2厅,88.04平米,85万
丁香湖华润橡树湾二期,"123.36958030693718,41.861365057648558",6,2室2厅,87.97平米,113万
道义中铁人杰水岸一期,"123.40481822700765,41.94943235879431",2,2室1厅,73.73平米,65万
北二路鑫丰国际,"123.39055295584811,41.81095498517644",3,2室2厅,77.32平米,88万
奥体名流印象二期,"123.46885097087825,41.81519691328212",11,2室1厅,95.05平米,112万
奥体名流印象四期,"123.46885097087825,41.81519691328212",7,2室1厅,87.74平米,120万
四台子恒大雅苑,"123.40322624998287,41.905590301391239",1,2室1厅,90.35平米,93.8万
长青河畔新城五期,"123.48498471749855,41.75436172386834",4,3室2厅,131.75平米,170万
长青金地滨河国际,"123.52171130946013,41.7546376580369",1,3室2厅,108.03平米,140万
长青桃花源,"123.50641658018616,41.74570464100467",7,3室2厅,121.34平米,115万
于洪新城碧桂园银河城锦园,"123.35058554709815,41.76449153164045",2,3室1厅,108.74平米,136万
云峰巴塞罗那二期,"123.38607598084747,41.80475590346823",4,2室2厅,75.75平米,119万
新市府华茂央府,"123.47117057536612,41.6923880218642",6,2室1厅,73.64平米,103万
东湖其仕盛和祥,"123.36490444709665,41.81216775199934",3,2室2厅,83平米,96万
长白新加坡城,"123.40133495756216,41.734939737245067",11,2室1厅,60.24平米,98万
长白富海澜湾半岛,"123.4210367736681,41.738872649414059",9,2室2厅,62.39平米,115万
道义人杰水岸二期,"123.40970249372652,41.948855690234179",0,3室2厅,101.37平米,107万
长白中海和平之门,"123.42016236308467,41.73547764207218",2,2室2厅,85.47平米,163万
铁西广场万科金域国际,"123.37428563119846,41.80266473984389",30,2室1厅,85.72平米,129万
启工街第一城D组团,"123.35414104030666,41.81390691804149",24,2室2厅,98.1平米,108万
长白恒大半岛天境,"123.42639193213528,41.7441468116949",2,3室2厅,122平米,240万
长青万科新里程,"123.51336200889766,41.74969460942509",15,2室2厅,90.22平米,99万
长青金地檀溪,"123.52521586874622,41.7565849712625",3,3室1厅,124.12平米,170万
白塔郡原小石城二期C区,"123.41652350712487,41.694498698083659",15,1室1厅,49.54平米,54.5万
长青华发岭南荟,"123.496405055108,41.74524479770514",10,2室1厅,88.28平米,112万
会展中心华府丹郡,"123.39510502918937,41.684027921962947",8,2室2厅,78.14平米,72万
铁西广场万科金域国际,"123.37428563119846,41.80266473984389",2,2室1厅,90.31平米,145万
南湖雅宾利花园,"123.4091303629472,41.771359176301007",6,2室1厅,70.8平米,100万
长青慧缘馨村,"123.49675198069596,41.74996592197246",2,2室2厅,88.9平米,105万
长青金地滨河国际・左岸,"123.52896279085889,41.75801334877697",7,2室1厅,76.48平米,99万
白塔信达理想城二期,"123.44630871274976,41.69925758023522",4,3室2厅,95.28平米,105万
长白中海国际社区一期,"123.41194699987374,41.74666131972309",15,3室2厅,129.64平米,240万
中街文轩阳光园,"123.06531273239713,41.874303948999429",102,3室2厅,152.45平米,121万
奥体融城时代,"123.45409396728253,41.735815495660457",59,3室2厅,118.01平米,120万
长白万科鹿特丹,"123.4056997342046,41.735567000853247",38,3室2厅,142.09平米,270万
长青金地檀溪,"123.52521586874622,41.7565849712625",13,3室2厅,123.5平米,188万
长白新加坡城,"123.40133495756216,41.734939737245067",11,2室2厅,84.69平米,142万
长白万科鹿特丹,"123.4056997342046,41.735567000853247",9,2室1厅,92.2平米,185万
理工大学城建万科翡翠书院,"123.50339234485627,41.73791168205458",3,2室2厅,99平米,123万
奥体荣盛爱家郦都,"123.43954932310938,41.74001816117338",15,3室2厅,131.61平米,197万
道义碧桂园太阳城,"123.43236656208214,41.949660503225569",7,3室2厅,101.49平米,94万
长白中海国际社区二期,"123.41194699987374,41.74666131972309",29,3室2厅,123.82平米,255万
北行长江北小区,"123.41815797400028,41.83176586608484",1,2室1厅,72.81平米,40万
新华广场宜春社区,"123.39791582713008,41.786628632140779",1,1室1厅,36.8平米,65万
云峰巴塞罗那二期,"123.38607598084747,41.80475590346823",54,2室2厅,75平米,117万
二十一世纪金地锦城西区,"123.45992625263659,41.71814283680586",102,2室1厅,75平米,88万
奥体保利达江湾城一期,"123.46365975316663,41.754156218731747",143,3室2厅,135.58平米,170万
奥体首创国际城,"123.45108895569057,41.73828787538557",26,3室2厅,117.53平米,145万
于洪新城碧桂园银河城锦园,"123.35058554709815,41.76449153164045",5,2室2厅,88.62平米,110万
长青华发岭南荟,"123.496405055108,41.74524479770514",3,2室2厅,88.28平米,125万
铁西广场君临天下梧桐别院,"123.38205417724875,41.80802348201548",3,2室1厅,60.26平米,77万
四台子郡源悦城,"123.40781299791682,41.91318390286774",4,2室2厅,81.39平米,92万
长白新加坡城,"123.40133495756216,41.734939737245067",5,1室1厅,61.8平米,95万
道义三盛颐景蓝湾,"123.44191932253635,41.95160640364431",2,2室2厅,86.31平米,84.5万
重工街美好愿景,"123.3360322791921,41.83114888898131",6,2室1厅,77.99平米,77.8万
张士澳海西湖印象,"123.31461730464808,41.77819898123211",1,2室1厅,73.55平米,98万
新市府廊桥国际,"123.46491881816941,41.70988142445512",7,2室1厅,71.8平米,69.5万
于洪新城顺丰新未来,"123.33686608636647,41.77242360668725",6,2室1厅,54.47平米,49万
道义坤湖郦舍,"123.44918733275648,41.939855452184577",8,2室2厅,73.9平米,58万
道义碧桂园太阳城,"123.43236656208214,41.949660503225569",3,3室2厅,143平米,110万
经济技术开发区新湖青蓝国际,"123.25797060834164,41.75612413022307",10,3室2厅,96.69平米,75万
正良华强城二期,"123.41172583705719,41.91515910604683",0,1室1厅,59.5平米,63万
道义荣盛盛京绿洲,"123.42590154715738,41.95907299038034",6,3室1厅,97.31平米,72万
道义坤湖郦舍,"123.44918733275648,41.939855452184577",0,2室1厅,76.98平米,61万
方家栏佳和新城,"123.51487538419032,41.77895001578526",5,2室1厅,70平米,45万
道义三盛颐景园,"123.44355513687003,41.94876213785575",2,3室2厅,104平米,85万
奥体荣盛爱家郦都,"123.43954932310938,41.74001816117338",3,3室1厅,91.86平米,125万
奥体名流印象三期,"123.46885097087825,41.81519691328212",2,2室1厅,88.15平米,100万
陵东富丽阳光,"123.46117854351754,41.85498935461684",2,2室2厅,90.26平米,99万
于洪新城碧桂园银河城方糖,"123.33855804479451,41.76309988837966",9,2室1厅,83.7平米,82万
正良华海蓝境,"123.39814273910192,41.91691940524724",0,3室2厅,82.05平米,80万
上园枫丹白露,"123.48298266400846,41.84488564161644",0,2室1厅,54.8平米,48万
经济技术开发区新湖青蓝国际,"123.25797060834164,41.75612413022307",3,2室2厅,80.93平米,82.4万
南湖雅宾利花园,"123.4091303629472,41.771359176301007",1,2室1厅,71.8平米,102万
奥体华发首府,"123.46637892394534,41.73934168934656",4,2室1厅,94.15平米,155万
会展中心顶盛国际花园,"123.4002624706138,41.70173986023116",8,2室2厅,77.37平米,65万
于洪新城中油吉力街,"123.37669847979825,41.760871420203979",3,1室1厅,38.5平米,35万
道义中铁人杰水岸一期,"123.40481822700765,41.94943235879431",3,1室1厅,44.86平米,36.5万
白塔郡原小石城七期,"123.41984499174801,41.69925387727729",1,2室1厅,60.11平米,57万
霁虹富花都,"123.40487455076313,41.811668198370558",1,2室1厅,70.45平米,71万
理工大学SR国际新城,"123.45870227454872,41.73932311890274",2,2室2厅,142平米,100万
奥体沿海赛洛城,"123.46629897475495,41.73607367892225",57,1室0厅,52.54平米,52万
理工大学格林英郡,"123.3980661136419,41.731141773920139",19,3室2厅,104.43平米,115万
长白远洋天地,"123.4088020322833,41.75690589654452",18,3室2厅,120.74平米,210万
三好街宏达新村,"123.43418401378993,41.76518488698908",62,3室2厅,155.15平米,116万
长白龙湖唐宁ONE,"128.20758420219489,41.425895812593768",28,3室2厅,119.18平米,254万
奥体沿海赛洛城,"123.46629897475495,41.73607367892225",69,2室1厅,69.22平米,67万
北陵海德公园,"123.4485375883811,41.84857734456185",33,2室2厅,100.24平米,115万
八王寺大华水岸府邸,"123.48144395650042,41.81956086147243",29,2室2厅,117.8平米,114万
二十一世纪亚泰国际花园,"123.44960845837956,41.721610508039",54,3室2厅,137.63平米,115万
长白中海和平之门,"123.42016236308467,41.73547764207218",6,2室2厅,74.3平米,142万
长青雍熙金园,"123.51462242135871,41.756019261682599",39,3室2厅,142.58平米,131万
理工大学格林英郡,"123.3980661136419,41.731141773920139",15,3室2厅,112.37平米,143万
长客金通阳光苑,"123.45597933088686,41.84444915206918",64,3室2厅,131平米,90万
长白金沙湾一期,"123.41050746529399,41.736878837937819",4,2室1厅,87平米,108万
于洪新城阳光100国际新城D组团,"123.369779012116,41.758321890256947",28,3室2厅,105.91平米,125万
二十一世纪亚泰国际花园,"123.44960845837956,41.721610508039",18,3室2厅,192.38平米,133万
长白中海国际社区一期,"123.41194699987374,41.74666131972309",31,3室2厅,140.95平米,273万
会展中心奥园会展广场,"123.38356126440285,41.677439256624058",0,3室2厅,99.51平米,90万
于洪新城碧桂园银河城锦园,"123.35058554709815,41.76449153164045",35,3室2厅,108.37平米,128万
长青河畔新城一期,"123.48498471749855,41.75436172386834",13,2室2厅,94.61平米,119万
道义荣盛盛京绿洲,"123.42590154715738,41.95907299038034",25,3室2厅,109.47平米,86万
东湖金地艺境,"123.5721330180741,41.79782887486413",2,3室2厅,127.12平米,168万
上园芳菲苑,"123.49246724307447,41.842292992099029",0,2室1厅,67.51平米,59万
长白丽湾国际,"123.41408020596829,41.75637624451963",4,2室1厅,68.92平米,117万
道义荣盛香缇澜山二期,"123.42026432076007,41.93726547612896",1,3室1厅,87.13平米,87万
会展中心恒大名都,"123.40190816630809,41.692179354226968",16,3室2厅,105平米,81万
长白万科鹿特丹,"123.4056997342046,41.735567000853247",10,2室1厅,97.35平米,176万
方家栏青阳四季花园,"123.50519506435369,41.77256947019258",9,2室2厅,84平米,69万
保工北顺鑫家园,"123.37127927214822,41.80885622896361",2,2室1厅,68.8平米,65.5万
奥体保利达江湾城二期,"123.46365975316663,41.754156218731747",48,2室2厅,90.83平米,135万
长青金地滨河国际・左岸,"123.52896279085889,41.75801334877697",165,2室2厅,75.29平米,80万
长白万科城四期,"123.3985132002942,41.75547601431807",30,2室1厅,108.82平米,185万
长青泰荣湾,"123.5327721452045,41.754101327558519",39,2室1厅,86.23平米,75万
三好街新世界花园湾景华庭,"123.42032486655146,41.76597488185475",27,2室2厅,105平米,168万
长青河畔新城五期,"123.48498471749855,41.75436172386834",40,3室2厅,130.1平米,175万
霁虹新湖北国之春,"123.39712747421452,41.81577486566945",72,2室2厅,87平米,103万
北行泰山小区,"123.42157396036306,41.84341628950779",9,1室1厅,50平米,36万
长白长岛壹号,"123.41412296531056,41.75649987971448",3,1室1厅,41.44平米,83.5万
北二路鑫丰御景华庭,"123.38129645655107,41.810501191387938",0,2室1厅,100.96平米,161万
长青朗明居,"123.50207488999533,41.74608543045718",3,2室2厅,70.91平米,83万
新立堡保利香槟国际,"123.53434112560824,41.82293102652047",1,2室1厅,87.2平米,118万
云峰巴塞罗那一期,"123.38539874832351,41.803886470095637",1,1室1厅,72.28平米,98万
长青华发岭南荟,"123.496405055108,41.74524479770514",91,3室2厅,122.36平米,136万
长白龙湖唐宁ONE,"128.20758420219489,41.425895812593768",22,3室2厅,133.74平米,380万
八王寺尚品天城,"123.46871802166277,41.819135890680978",25,2室2厅,96.73平米,107万
长白新加坡城,"123.40133495756216,41.734939737245067",89,2室2厅,98.6平米,135万
北二路浪漫满屋,"123.50075042835143,41.81549731477181",41,2室1厅,67.07平米,84万
西三台子七彩阳光,"123.40773780974563,41.873223699429278",9,2室1厅,68.42平米,58万
西三台子阳光尚城三期,"123.4068341144026,41.8776049444804",4,3室2厅,111.09平米,118万
方家栏青阳四季花园,"123.50519506435369,41.77256947019258",4,2室2厅,91.43平米,90万
望花东方・欧博城,"123.48796233077248,41.86825165542409",1,2室2厅,91.58平米,88万
奥体首创国际城,"123.45108895569057,41.73828787538557",2,2室1厅,97.42平米,116万
长青金地滨河国际・上城,"123.52572404017322,41.75540948705023",4,2室2厅,87.26平米,117.5万
重工街保利心语花园,"123.32891769955308,41.82305386049673",7,2室2厅,89平米,100万
于洪广场洪湖街1-33号,"123.31632366021855,41.80631408619691",34,1室1厅,38平米,16.8万
西三台子华锐桃源欣城,"123.4075010164132,41.88039285806388",3,2室2厅,97.82平米,90万
陵西北美家园,"123.39565613961973,41.862089389946238",8,2室2厅,91.54平米,77万
理工大学嘉华新城,"123.4949143171142,41.738760553001778",6,2室1厅,96.55平米,84万
长白长白苑,"123.38830871919252,41.74940755370664",6,2室1厅,59.32平米,75万
长青金地滨河国际・左岸,"123.52896279085889,41.75801334877697",18,2室2厅,75.25平米,91万
新华广场红星社区,"123.40015763836078,41.78724698267569",4,2室2厅,73.31平米,102万
八王寺果舍添香二期,"123.4500027246679,41.82328938121495",4,2室1厅,91.5平米,96万
霁虹保利百合花园北园,"123.39486051042954,41.81039842868953",4,1室2厅,58.08平米,78万
塔湾中海寰宇天下B区,"123.38724710174084,41.83104757059606",4,2室1厅,89.78平米,165万
张士富顿公馆,"123.3063534329396,41.77681187397344",2,4室1厅,95平米,103万
长白新加坡城,"123.40133495756216,41.734939737245067",9,3室2厅,89.4平米,147万
于洪新城紫郡城三期南院,"123.36853198440704,41.769314865911017",18,1室1厅,43.77平米,36万
正良华强城二期,"123.41172583705719,41.91515910604683",0,2室2厅,95.65平米,105万
三好街御景新世界,"123.42951534039348,41.75788332638019",16,2室2厅,113.72平米,235万
荷兰村兰亭花园,"123.38960174014358,41.86660785222381",20,3室1厅,102.63平米,73万
长白滨河湾一期,"123.41724691255206,41.73836336946924",5,2室2厅,85.5平米,100万
张士龙湖西府原著,"123.3294764455803,41.78031374384792",3,3室2厅,112.98平米,149.5万
新市府旭辉御府,"123.45385070615044,41.695909008636039",3,3室1厅,75.03平米,115万
白塔郡原小石城,"123.41144502675475,41.698232660608997",8,3室1厅,147.65平米,169万
于洪广场世代龙城,"123.30762175048914,41.80245730685967",5,2室1厅,53.49平米,66万
新市府保利紫荆公馆,"123.46693632251427,41.69607093717174",10,3室2厅,125平米,200万
道义三盛颐景蓝湾,"123.44191932253635,41.95160640364431",4,3室2厅,104.74平米,83万
道义人杰水岸二期,"123.40970249372652,41.948855690234179",6,3室2厅,101.93平米,102万
道义沈阳雅居乐花园C地块,"123.38715466610386,41.93706901352872",6,3室1厅,98平米,93万
东湖荣盛紫提东郡一期,"123.55719761100412,41.77395330751448",8,3室2厅,130平米,145万
奥体万锦香樟树,"123.46750198549391,41.745004951273099",3,4室2厅,122.11平米,242万
新市府月星中央公园,"123.47471304314472,41.70751390149615",7,3室2厅,103.4平米,135万
陵西丽馨园,"123.41588283563516,41.84640661429872",20,3室2厅,122平米,59.5万
会展中心恒大名都,"123.40190816630809,41.692179354226968",4,4室2厅,174.02平米,135万
长白万科城三期,"123.3985132002942,41.75547601431807",108,3室2厅,112.32平米,202万
于洪新城碧桂园银河城银座,"123.35389149103598,41.75648023801295",270,3室2厅,118平米,116万
于洪新城阳光100国际新城D组团,"123.369779012116,41.758321890256947",714,2室2厅,46平米,31万
长青泰荣湾,"123.5327721452045,41.754101327558519",50,2室1厅,86平米,80万
陵西万科四季花城,"123.39615200426124,41.858745882045308",164,2室2厅,90.43平米,68万
长白华润幸福里,"123.40623799886618,41.7496197342241",7,2室2厅,92.5平米,220万
八王寺尚品天城,"123.46871802166277,41.819135890680978",15,1室1厅,66.47平米,80万
大西友爱东小区,"123.45073735891396,41.80530235995284",5,2室1厅,79平米,74万
二十一世纪龙湖春江郦城,"123.46213478973289,41.72241322493589",4,2室2厅,85.3平米,138万
北二路千缘爱在城,"123.38340810331339,41.81000532118998",34,2室2厅,99.42平米,100万
长青泰荣湾,"123.5327721452045,41.754101327558519",16,2室2厅,87.61平米,96万
会展中心浑河国际城,"123.40461071843485,41.69611672146494",11,1室0厅,43.53平米,39万
金廊兴胜小区,"123.43863403962526,41.78940890997759",5,1室1厅,39.3平米,66万
丁香湖恒大御景湾,"123.36887935914776,41.87048515849823",4,2室2厅,82.1平米,93万
八王寺枫合万嘉三期,"123.47210202834941,41.82402664613428",22,3室2厅,116.04平米,140万
道义沈阳雅居乐花园C地块,"123.38715466610386,41.93706901352872",49,3室2厅,104.97平米,102万
奥体新华佰代宜居,"123.44943364812731,41.73452167022606",1,1室1厅,55.9平米,65万
望花旭辉东樾城,"123.49907203433658,41.874527865668287",13,2室2厅,71平米,88万
二十一世纪龙湖春江郦城,"123.46213478973289,41.72241322493589",1,2室2厅,85.3平米,147万
道义碧桂园太阳城,"123.43236656208214,41.949660503225569",5,2室1厅,81.77平米,78万
新市府首创光和城,"123.47061398527213,41.70305286449807",4,2室1厅,77.4平米,99万
于洪新城碧桂园银河城依云,"123.34804738487972,41.75469577761187",2,2室1厅,86平米,105万
正良江南甲第三期,"123.40164388482705,41.923391262961128",4,2室2厅,92.56平米,91万
正良融创唐轩公馆,"123.41378699904982,41.920464882467268",3,1室1厅,46.27平米,45万
四台子郡源悦城,"123.40781299791682,41.91318390286774",5,2室2厅,83.77平米,87万
于洪广场世代龙城,"123.30762175048914,41.80245730685967",3,2室1厅,64平米,65万
北陵凤凰小区,"123.41820899775324,41.86212242993919",4,1室1厅,59.5平米,36万
于洪新城恒大绿洲（二期六期）,"123.3379857343541,41.7496342652673",10,2室1厅,81平米,80万
云峰伯伦时代,"123.37976601345373,41.79858949210977",14,2室1厅,73.64平米,75万
奥体万锦香樟树,"123.46750198549391,41.745004951273099",6,2室1厅,80平米,117万
白塔百荷湾,"123.43506058030657,41.69247663301982",1,2室1厅,69.42平米,69.5万
奥体凤祥二期,"123.46750198549391,41.745004951273099",7,2室2厅,73.83平米,49万
塔湾中海寰宇天下GA区,"123.37934300138909,41.827608898118899",13,2室1厅,76平米,58万
塔湾鑫丰华凯鑫城,"123.39573510067406,41.824744416249938",7,1室2厅,52.63平米,66万
正良华强城一期,"123.4101122108696,41.91980113119969",0,1室1厅,47.15平米,47万
奥体泛美华庭,"123.45859366941257,41.745224883421439",2,1室1厅,63.7平米,74万
二十一世纪万科新榆公馆,"123.43893694824323,41.721457999435788",14,2室2厅,89.36平米,80万
新市府首创光和城,"123.47061398527213,41.70305286449807",9,3室2厅,95.88平米,125万
道义太湖明珠花园,"123.39336779616362,41.951159248173038",0,2室2厅,74.53平米,65万
道义亚泰城,"123.4660961373708,41.94102289883927",3,2室1厅,89平米,91万
会展中心奥园国际城,"123.38758001376282,41.68388791660988",3,2室1厅,51平米,39万
造化幸福阳光,"123.38336112193523,41.89686842451067",1,2室1厅,81.38平米,60.5万
会展中心奥园国际城,"123.38758001376282,41.68388791660988",2,2室1厅,53平米,44万
道义三盛颐景蓝湾,"123.44191932253635,41.95160640364431",2,2室2厅,78.78平米,56万
工人村百合花园,"123.38459620218088,41.73348527207962",1,2室1厅,52.25平米,42万
东北大马路万恒东方俪城二期,"123.48949645692241,41.83116877639073",1,1室1厅,69.77平米,73万
中街鹤鸣小区,"123.06531273239713,41.874303948999429",5,2室2厅,129.52平米,105万
南塔阳光2000家园,"123.46234104067799,41.76790664905927",6,2室2厅,115.51平米,104万
滑翔滑翔西社区,"123.38284136236713,41.77779350361556",6,2室1厅,63.7平米,49万
金廊运河小区,"123.43539160588699,41.788199743059539",0,2室2厅,73.9平米,96万
五爱金生社区,"123.45087318270706,41.782143679653199",2,1室1厅,45平米,65万
五爱南关小区,"123.45924449175453,41.78627356699426",0,1室1厅,37.28平米,46万
三台子加华小城,"123.42988095073604,41.90161044547504",3,2室1厅,73.2平米,51万
二十一世纪万科明天广场,"123.46339205812467,41.72977463746614",4,1室0厅,33平米,24.5万
陵东居易青年城,"123.46669755290972,41.865317624899457",185,2室1厅,75.47平米,50万
于洪新城紫郡城一期北院,"123.36853198440704,41.769314865911017",53,1室1厅,50平米,22万
北行华山小区,"123.40519560515239,41.81987313658539",28,2室1厅,55.8平米,29.7万
八王寺果舍添香一期,"123.48440549010573,41.821985774844268",22,1室1厅,40.31平米,41万
二十一世纪文澜苑南区,"123.48786926632165,41.7329032748487",96,2室1厅,85.65平米,55万
于洪新城碧桂园银河城都荟,"123.35253891242961,41.761109323593988",11,2室2厅,85.62平米,106万
长白万科鹿特丹,"123.4056997342046,41.735567000853247",14,2室2厅,91.31平米,175万
长白深航翡翠城,"123.4042159131632,41.75569913913679",8,1室1厅,66.98平米,110万
长青金地滨河国际,"123.52171130946013,41.7546376580369",42,1室1厅,63平米,80万
正良步阳江南甲第,"123.4038960265711,41.92280382395768",100,2室1厅,74.53平米,64万
奥体保利达江湾城三期,"123.46365975316663,41.754156218731747",53,3室2厅,113.17平米,153万
陵西红田外园,"123.40036191303375,41.85329967085928",71,2室1厅,54.16平米,37.8万
上园新华壹品A区,"123.48411506793436,41.84050663825589",13,2室2厅,110.07平米,100万
二十一世纪LOHAS上院,"123.4619103930165,41.72656118610551",47,2室2厅,82.19平米,83万
会展中心恒大名都,"123.40190816630809,41.692179354226968",50,2室2厅,94.78平米,89万
长青金地滨河国际・悦城,"123.52572404017322,41.75540948705023",21,2室1厅,83.29平米,108万
奥体泛美华庭,"123.45859366941257,41.745224883421439",8,2室1厅,90.54平米,108万
长青桃花源,"123.50641658018616,41.74570464100467",24,2室2厅,99平米,98万
四台子郡源悦城,"123.40781299791682,41.91318390286774",17,2室2厅,81.13平米,88万
长青慧缘馨村,"123.49675198069596,41.74996592197246",12,2室2厅,106.44平米,105万
北行木兰河花园1期,"123.41558477786693,41.825373550342039",3,3室1厅,58.16平米,40万
东北大马路巧克力城,"123.50458104289354,41.833071574865119",156,2室1厅,78.08平米,55万
奥体亿丰南奥国际,"123.47492100087027,41.74290590326293",40,2室1厅,66.57平米,75万
长白天河家园二期,"123.40606570386935,41.74626035064437",31,2室2厅,107.88平米,130万
保工北天和人家,"123.37143665527356,41.81026300211979",123,1室1厅,56.07平米,58万
道义碧桂园太阳城,"123.43236656208214,41.949660503225569",13,1室1厅,61.48平米,51万
陵东富丽阳光,"123.46117854351754,41.85498935461684",0,2室1厅,86.84平米,78万
保工北宏伟金都,"123.3594871258882,41.810138261560137",8,2室2厅,63.11平米,82万
二十一世纪万科新榆公馆,"123.43893694824323,41.721457999435788",67,2室2厅,86.81平米,89万
于洪新城新城惠泽园,"123.34243198730629,41.76552191051638",102,2室1厅,64平米,39.5万
奥体锦园,"123.4476753049221,41.73196159759382",21,1室1厅,46平米,64万
正良雷明锦程,"123.40540158660582,41.92634783131255",14,2室1厅,68.02平米,69万
长青万科新里程,"123.51336200889766,41.74969460942509",20,2室1厅,79.46平米,90万
四台子郡源悦城,"123.40781299791682,41.91318390286774",28,1室2厅,56.43平米,56万
长客金辉天鹅湾,"123.47080918705945,41.84771327961809",5,2室1厅,75.39平米,95万
铁西广场鑫丰金园,"123.37528894862254,41.80399105814845",20,2室1厅,96.19平米,98万
长青坤泰新界,"123.48244439934689,41.74449201999724",8,2室2厅,83.68平米,97万
于洪广场漾日华庭,"123.31391824330022,41.79020162962403",5,1室1厅,41.68平米,39.9万
于洪新城阳光100国际新城E组团,"123.369779012116,41.758321890256947",118,2室2厅,53平米,65万
张士佰世品德,"123.31025531275273,41.77533973735672",13,2室1厅,75.25平米,79万
奥体首创国际城,"123.45108895569057,41.73828787538557",20,2室2厅,94.56平米,130万
奥体名流印象四期,"123.46885097087825,41.81519691328212",14,2室2厅,80.1平米,96万
长青塞纳家园,"123.50956415286258,41.753135477338819",12,2室2厅,98.17平米,96万
铁西广场鑫丰金园,"123.37528894862254,41.80399105814845",22,2室2厅,102.34平米,108万
长青金地滨河国际・悦城,"123.52572404017322,41.75540948705023",23,2室2厅,63.35平米,73万
长白中海和平之门,"123.42016236308467,41.73547764207218",43,2室2厅,83.66平米,165万
二十一世纪万科明天广场,"123.46339205812467,41.72977463746614",24,2室1厅,73平米,108万
长白龙湖唐宁ONE,"128.20758420219489,41.425895812593768",10,2室2厅,87.94平米,187万
东湖荣盛紫提东郡一期,"123.55719761100412,41.77395330751448",4,3室2厅,95.75平米,98万
于洪新城宏发英里,"123.33809083609877,41.75554415592684",11,2室1厅,52.6平米,52.6万
霁虹新湖明珠城,"123.39200470738277,41.81721676676329",12,2室2厅,84.36平米,99万
于洪新城阳光100国际新城C组团,"123.369779012116,41.758321890256947",5,2室1厅,59.46平米,67万
上园筑景东方,"123.48225728230917,41.85269989551778",15,2室2厅,73.34平米,57.5万
霁虹新湖明珠城,"123.39200470738277,41.81721676676329",140,2室2厅,94.48平米,114万
长青东亚国际城,"123.53270728754667,41.754119288278499",16,1室0厅,42.81平米,41万
张士天一名筑,"123.31532993040915,41.78466334421316",8,2室2厅,88.86平米,72万
道义荣盛香缇澜山,"123.42691869848633,41.93776632220464",2,3室2厅,115.95平米,111万
望花东方・欧博城,"123.48796233077248,41.86825165542409",1,3室2厅,121平米,112万
铁西广场万科金域国际,"123.37428563119846,41.80266473984389",1,3室2厅,98.41平米,172万
白塔金石小镇,"123.42994841347984,41.68292760225968",11,3室2厅,106.39平米,112万
东湖恒大江湾,"123.55530012027538,41.77914656495331",2,3室1厅,125平米,111.5万
北陵孔雀花园,"123.42380121904449,41.79878907280415",3,3室2厅,106平米,77万
于洪新城阳光100国际新城E组团,"123.369779012116,41.758321890256947",2,3室2厅,39.24平米,70万
新立堡水晶城,"123.53144813271334,41.82824035551072",4,2室2厅,82.97平米,75万
启工街恒大华府,"123.34887795815424,41.82200485875925",2,3室2厅,97.2平米,120万
东湖荣盛紫提东郡二期,"123.55719761100412,41.77395330751448",4,3室1厅,88.83平米,92万
白塔碧桂园公园里,"123.43944413153416,41.69929299396743",6,3室2厅,81.37平米,109.8万
丁香湖美的城,"123.47109664482264,41.68383006919066",5,3室2厅,102.35平米,120万
道义坤湖郦舍,"123.44918733275648,41.939855452184577",6,3室2厅,89.65平米,73万
东北大马路万恒东方俪城四期,"123.4912378221535,41.832893380796438",5,3室1厅,111.2平米,105万
长白龙湖唐宁ONE,"128.20758420219489,41.425895812593768",2,2室2厅,84.06平米,188万
霁虹示范和平家园,"123.39520213601499,41.81273128249251",4,2室2厅,95.06平米,92万
于洪广场世代龙城,"123.30762175048914,41.80245730685967",7,2室1厅,59.17平米,77万
四台子恒大雅苑,"123.40322624998287,41.905590301391239",4,3室2厅,123.23平米,117万
长青河畔新城五期,"123.48498471749855,41.75436172386834",14,3室2厅,129.9平米,165万
长青河畔新城二三期,"123.48498471749855,41.75436172386834",13,3室2厅,124.68平米,152万
二十一世纪万锦紫园,"123.4576791944034,41.72095658949811",2,2室2厅,81.67平米,110万
于洪新城恒大绿洲（二期六期）,"123.3379857343541,41.7496342652673",8,4室2厅,181.42平米,142万
长白中海国际社区四期,"123.41194699987374,41.74666131972309",5,2室2厅,97.94平米,205万
新立堡中金启城,"123.52912026381479,41.812016669868317",4,2室2厅,63.5平米,76万
道义明华香峪兰溪,"123.43940999592478,41.93018821217808",3,2室1厅,63.94平米,53万
于洪新城新城惠泽园,"123.34243198730629,41.76552191051638",5,2室2厅,65.37平米,55万
道义道义新城一期,"123.39820939337075,41.958939758399008",1,2室1厅,68平米,46万
会展中心恒大名都三期,"123.39900098018613,41.68821487622406",1,2室1厅,76.02平米,78万
丁香湖万科香湖盛景,"123.3575796639683,41.87286965502777",3,2室1厅,82.28平米,150万
西三台子银亿格兰郡,"123.40304730752527,41.890454604820089",2,2室2厅,85.5平米,80万
三好街世茂新五里河,"123.4413113493672,41.76409524832825",6,2室2厅,120.21平米,210万
上园万恒愿景,"123.49439895924312,41.84355587740436",3,2室2厅,86.26平米,84万
道义碧桂园太阳城,"123.43236656208214,41.949660503225569",5,2室1厅,64.11平米,53万
正良江南甲第三期,"123.40164388482705,41.923391262961128",1,2室1厅,67.66平米,79.9万
正良融创唐轩公馆,"123.41378699904982,41.920464882467268",3,2室2厅,59.55平米,61万
荷兰村中海城塞尚,"123.37499744848457,41.87513683444008",0,2室2厅,89.6平米,93万
金廊向善家园,"123.44523496817368,41.770792858188709",1,2室1厅,55.46平米,88万
西三台子国奥现代城,"123.41995602230905,41.8798578561668",6,2室2厅,74.52平米,63万
丁香湖华润橡树湾4期,"123.36439501804195,41.861766913339369",4,2室2厅,90.66平米,99万
二十一世纪万科明天广场,"123.46339205812467,41.72977463746614",5,1室1厅,53.02平米,77万
会展中心浑河国际城,"123.40461071843485,41.69611672146494",0,1室1厅,47.9平米,43万
于洪广场太湖丽景,"123.31080336894438,41.790524267927668",2,2室1厅,68.5平米,65万
张士金地铁西檀府,"123.31839602677582,41.774582204494269",1,2室2厅,85平米,110万
丁香湖恒大御景湾,"123.36887935914776,41.87048515849823",3,2室1厅,62.93平米,64万
重工街保利心语花园,"123.32891769955308,41.82305386049673",4,2室1厅,91.52平米,90万
正良华强城一期,"123.4101122108696,41.91980113119969",2,1室1厅,54平米,55万
经济技术开发区特变之家,"123.24863191409047,41.76608719941634",4,2室1厅,73.86平米,55.8万
新市府首创光和城,"123.47061398527213,41.70305286449807",3,2室1厅,81.97平米,103万
金廊河畔花园,"122.7518063551786,41.517081765650747",5,2室1厅,119.46平米,90万
长白长白新城,"123.38880377535907,41.7474501315614",1,2室1厅,75.81平米,89万
正良祥瑞家园西区,"123.40893821539862,41.926775371740017",0,1室1厅,45.8平米,37万
张士华润24城,"123.30052271153544,41.78130681750571",0,2室1厅,86平米,115万
长青左岸慧晶,"123.39338091142405,41.8232485263284",7,3室2厅,145.26平米,188万
霁虹示范和平家园,"123.39520213601499,41.81273128249251",39,3室2厅,145.42平米,113万
长白越秀星汇蓝海,"123.39290301289275,41.744221827885329",36,3室2厅,120.16平米,190万
二十一世纪金地锦城西区,"123.45992625263659,41.71814283680586",21,3室2厅,129.2平米,174万
白塔郡原小石城二期E区,"123.41652350712487,41.694498698083659",60,3室1厅,87.36平米,92万
新市府旭辉御府,"123.45385070615044,41.695909008636039",13,3室2厅,75.03平米,110万
于洪新城碧桂园银河城锦园,"123.35058554709815,41.76449153164045",21,2室1厅,88.13平米,113万
陵东城建北尚C区,"123.47238005390475,41.86201484843553",14,2室2厅,92.41平米,71万
新市府旭辉御府,"123.45385070615044,41.695909008636039",12,3室1厅,81.09平米,119万
满融九洲御府,"123.38837016328941,41.708938801372507",52,3室2厅,96.62平米,128万
长青金地滨河国际・左岸,"123.52896279085889,41.75801334877697",12,2室2厅,73.32平米,94万
长白中海和平之门,"123.42016236308467,41.73547764207218",31,3室2厅,109.44平米,214.8万
长青金地滨河国际・悦城,"123.52572404017322,41.75540948705023",17,2室1厅,63.35平米,85万
长白远洋和平府,"123.40825649134709,41.76030843917647",14,2室1厅,79.56平米,165万
长白远洋和平府,"123.40825649134709,41.76030843917647",9,3室2厅,94.03平米,192万
启工街恒大华府,"123.34887795815424,41.82200485875925",8,4室2厅,184.4平米,225万
长白富海澜湾半岛,"123.4210367736681,41.738872649414059",4,2室1厅,82.61平米,140万
长青金地滨河国际・上城,"123.52572404017322,41.75540948705023",12,2室2厅,86.91平米,117.5万
新市府中海康城橙郡,"123.4723718793246,41.70855994415282",20,3室2厅,102.5平米,155万
长白格林生活坊三期,"123.40125527786342,41.751869719152377",21,3室2厅,109.67平米,178万
西三台子川江教师新村,"123.41562861517582,41.87345755699361",25,3室2厅,99.56平米,65万
奥体首创国际城,"123.45108895569057,41.73828787538557",21,3室2厅,108.48平米,148万
于洪广场沈新园,"123.31963901210996,41.787008975243747",8,4室2厅,67.38平米,65万
二十一世纪万科明天广场,"123.46339205812467,41.72977463746614",315,2室2厅,94平米,125万
新市府华新名筑,"123.46491522494738,41.712716412562688",113,2室1厅,56.97平米,53万
新市府首创光和城,"123.47061398527213,41.70305286449807",33,2室2厅,76.9平米,99.8万
四台子万科金域华府,"123.39730740480818,41.904974914143007",12,2室2厅,77.72平米,95.9万
二十一世纪龙湖春江郦城,"123.46213478973289,41.72241322493589",45,2室2厅,83.9平米,145万
东北大马路金地铂悦,"123.50959496474157,41.8381843434519",6,3室2厅,124.52平米,155万
三好街尚景新世界,"123.43594819598099,41.754733851286179",3,2室1厅,113.05平米,292万
张士澳海西湖印象,"123.31461730464808,41.77819898123211",2,2室1厅,79.5平米,82万
道义亚泰城,"123.4660961373708,41.94102289883927",1,2室1厅,77.76平米,82万
长白万科城六期,"123.3985132002942,41.75547601431807",25,3室2厅,140平米,305万
道义天顺家园,"123.39689822664838,41.945618362206818",1,1室1厅,55平米,32万
五爱秀山小区,"109.01357389980959,28.45344786428608",3,2室1厅,66平米,77.8万
于洪新城恒大绿洲（一期四期七期）,"123.34116097484024,41.74869888987581",3,2室1厅,85平米,90万
南塔阳光2000家园,"123.46234104067799,41.76790664905927",6,2室2厅,117.49平米,108万
西三台子五矿弘园,"123.4182319943743,41.89094286620438",1,2室2厅,91.71平米,125万
于洪新城紫郡城一期北院,"123.36853198440704,41.769314865911017",9,1室0厅,33.86平米,15.8万
塔湾怒江社区,"123.40090053701754,41.83083115989653",4,2室1厅,44.6平米,44万
奥体沿海赛洛城,"123.46629897475495,41.73607367892225",138,3室2厅,145.38平米,145万
二十一世纪世纪枫景汇,"123.46848113849978,41.73308125930397",47,3室2厅,84.9平米,103.5万
奥体首创国际城,"123.45108895569057,41.73828787538557",2,2室2厅,94.93平米,115万
东湖金地艺境,"123.5721330180741,41.79782887486413",7,2室2厅,83.65平米,95万
正良华强城二期,"123.41172583705719,41.91515910604683",14,2室2厅,82.06平米,82万
八王寺御泉华庭,"123.46917678628671,41.82166470727442",3,2室1厅,92.74平米,128万
长白格林玫瑰湾,"123.40273954805756,41.75888569600692",2,2室2厅,91.34平米,210万
道义亚泰城,"123.4660961373708,41.94102289883927",3,2室2厅,89平米,94万
长客雷凯尼绅,"123.47215233345796,41.85090731929202",7,2室2厅,65.82平米,72万
会展中心恒大名都,"123.40190816630809,41.692179354226968",3,2室2厅,86.66平米,88万
东湖荣盛紫提东郡二期,"123.55719761100412,41.77395330751448",4,2室1厅,67.4平米,63万
理工大学泰莱16区,"123.4021667884644,41.83739726046122",1,2室2厅,78.22平米,86万
西三台子金地悦时光,"123.39340256058685,41.88728980929435",7,2室2厅,76.35平米,70万
荷兰村泰华林家园,"123.3795737760746,41.8824092959804",10,2室2厅,94平米,74万
重工街保利心语花园,"123.32891769955308,41.82305386049673",12,2室2厅,80.5平米,70万
东湖其仕盛和祥,"123.36490444709665,41.81216775199934",5,2室2厅,90.2平米,104.8万
道义太湖明珠花园,"123.39336779616362,41.951159248173038",9,2室1厅,68平米,49万
白塔君海朗郡,"123.41616840695677,41.70459944560001",22,2室1厅,75.72平米,52万
丁香湖华润橡树湾二期,"123.36958030693718,41.861365057648558",1,2室2厅,91平米,110万
道义亚泰城,"123.4660961373708,41.94102289883927",8,2室1厅,56.1平米,63万
道义碧桂园太阳城,"123.43236656208214,41.949660503225569",11,1室1厅,41平米,33万
长白万科城四期,"123.3985132002942,41.75547601431807",11,2室2厅,106.21平米,183万
道义坤湖郦舍,"123.44918733275648,41.939855452184577",6,2室2厅,77.7平米,58.5万
万柳塘大万莲社区,"123.47587661827179,41.788960340978018",9,2室2厅,73.2平米,60万
四台子恒大雅苑,"123.40322624998287,41.905590301391239",8,2室2厅,85.38平米,82万
丁香湖广厦绿园,"123.34081629501604,41.860618488441627",2,2室2厅,87.2平米,93万
经济技术开发区荣盛锦绣天地,"123.23562804352803,41.743090856935747",6,2室1厅,81.33平米,61万
白塔君海朗郡,"123.41616840695677,41.70459944560001",12,2室1厅,63平米,45.8万
会展中心米拉春天,"123.40705096535271,41.69703091919786",0,2室1厅,101.78平米,128万
于洪新城恒大绿洲（三期五期）,"123.34106395784515,41.751465890179257",8,3室2厅,102.94平米,98万
工人村江南印象,"123.33897171448186,41.79749491295604",3,2室2厅,75平米,85.8万
北二路绿厦爵仕汇,"123.37915354875703,41.81151039425586",0,2室1厅,56.37平米,78万
道义碧桂园太阳城,"123.43236656208214,41.949660503225569",11,2室1厅,77.86平米,73万
于洪新城新加坡花园,"123.33043781213707,41.756139332447457",0,2室2厅,77.12平米,83万
会展中心奥园会展广场,"123.38356126440285,41.677439256624058",1,2室2厅,81.15平米,77万
荷兰村华邑世纪城,"123.39336043005844,41.884503004460118",0,2室2厅,79.45平米,79万
新市府博信双E港,"123.47161622472962,41.71374480169933",4,2室1厅,63.8平米,63.9万
会展中心格林喜鹊花园,"123.38714586270985,41.671048074001948",17,2室2厅,78.6平米,55万
奥体沿海赛洛城,"123.46629897475495,41.73607367892225",2,2室1厅,81.66平米,88万
荷兰村中海城学府,"123.37790104138448,41.877572852482199",2,2室2厅,85平米,93万
二十一世纪万锦紫园,"123.4576791944034,41.72095658949811",5,3室2厅,95.92平米,135万
西三台子华锐桃源欣城,"123.4075010164132,41.88039285806388",4,2室2厅,80.8平米,72万
正良中央大学城,"123.43255745200301,41.9225078884259",6,1室1厅,58平米,38万
市府宝石社区,"123.44934498537349,41.80881590248618",9,2室1厅,78.4平米,60万
上园华诚阳光,"123.48518863284932,41.845043631553327",1,2室2厅,56平米,45万
八王寺果舍添香二期,"123.4500027246679,41.82328938121495",6,2室1厅,72.88平米,72万
正良香槟新坐标,"123.37979377109399,41.92571292207822",6,2室2厅,65平米,54万
兴工街凯旋门,"123.4017276455277,41.811600049622899",2,2室2厅,78.74平米,95万
新市府月星国际城,"123.47675345428009,41.705639746534298",34,2室1厅,68.69平米,62万
于洪广场世代龙城,"123.30762175048914,41.80245730685967",3,2室2厅,96.02平米,102万
经济技术开发区荣盛幸福大道,"123.2575173233813,41.754466124259909",0,2室1厅,78.34平米,67万
三好街世茂新五里河,"123.4413113493672,41.76409524832825",194,2室2厅,149.89平米,172万
东北大马路万恒东方俪城三期,"123.48858584462696,41.833064636047449",40,2室1厅,102.24平米,85万
长白远洋天地,"123.4088020322833,41.75690589654452",27,2室1厅,93.75平米,185万
东湖其仕盛和祥,"123.36490444709665,41.81216775199934",8,2室2厅,83.02平米,103万
奥体华发首府,"123.46637892394534,41.73934168934656",10,2室1厅,75.85平米,112万
金廊铝镁社区,"123.43655122846983,41.79334383790118",2,2室1厅,57.15平米,46万
荷兰村环北家园二期,"123.38837501413916,41.897774909161459",170,3室2厅,143.38平米,50万
新市府首创光和城,"123.47061398527213,41.70305286449807",13,3室2厅,87.6平米,125万
正良江南甲第二期,"123.40192200021294,41.92121899959446",164,3室1厅,97.91平米,69万
长白中海国际社区五期,"123.41194699987374,41.74666131972309",7,2室2厅,88.75平米,212.9万
长客金通阳光苑,"123.45597933088686,41.84444915206918",6,3室2厅,107平米,77万
望花旭辉东樾城,"123.49907203433658,41.874527865668287",26,3室2厅,87.97平米,100万
长青河畔新城一期,"123.48498471749855,41.75436172386834",11,3室2厅,121.58平米,188万
方家栏青阳四季花园,"123.50519506435369,41.77256947019258",16,3室2厅,144.66平米,97万
长白格林生活坊二期,"123.40125527786342,41.751869719152377",10,3室2厅,118.19平米,180万
西三台子七彩阳光,"123.40773780974563,41.873223699429278",3,2室2厅,80.63平米,73万
奥体金水花城二期,"123.4751972298146,41.75608894984035",7,3室2厅,143平米,148万
北二路金地名京四期,"123.3756080267397,41.82072918050654",7,3室2厅,153.48平米,300万
张士万科西华府,"123.3069296060937,41.775097717850929",3,3室2厅,116平米,170万
道义龙湖香醍漫步,"123.44646268231418,41.96258915382484",4,4室2厅,176平米,199万
于洪新城碧桂园银河城星荟,"123.33936364517587,41.760773487422209",20,3室2厅,94.43平米,118万
长白越秀星汇蓝海,"123.39290301289275,41.744221827885329",1,2室2厅,61.5平米,110万
滑翔惠盛苑,"123.38341825416565,41.78544126393487",3,3室2厅,121平米,128万
西三台子川江教师新村,"123.41562861517582,41.87345755699361",22,3室2厅,100平米,55万
长白滨河湾一期,"123.41724691255206,41.73836336946924",5,2室2厅,87.24平米,115万
八王寺果舍添香二期,"123.4500027246679,41.82328938121495",5,2室1厅,63.5平米,64万
道义三盛颐景蓝湾,"123.44191932253635,41.95160640364431",2,3室2厅,104平米,88万
新市府首创光和城,"123.47061398527213,41.70305286449807",4,2室2厅,82平米,112万
正良中央大学城,"123.43255745200301,41.9225078884259",17,3室2厅,127平米,83万
道义荣信森林里,"123.446133004192,41.926429877973358",10,3室1厅,82.15平米,65万
东北大马路金地铂悦,"123.50959496474157,41.8381843434519",3,2室1厅,90平米,115万
长白长白新城,"123.38880377535907,41.7474501315614",4,2室1厅,67.09平米,80万
长白中海国际社区一期,"123.41194699987374,41.74666131972309",4,2室2厅,89.91平米,175万
长青河畔新城二三期,"123.48498471749855,41.75436172386834",8,2室2厅,96平米,127万
白塔碧桂园公园里,"123.43944413153416,41.69929299396743",6,3室2厅,81.37平米,108万
新立堡水晶城,"123.53144813271334,41.82824035551072",0,2室2厅,90.8平米,95万
长白新加坡城,"123.40133495756216,41.734939737245067",4,3室2厅,96.41平米,174万
铁西广场景星南街137甲,"123.36334525822298,41.79287156528174",4,3室2厅,120.04平米,101万
东湖恒大江湾,"123.55530012027538,41.77914656495331",17,3室2厅,133平米,110万
西三台子依云北郡B区,"123.4351228328784,41.89458188590666",8,3室2厅,56.24平米,78万
三台子加华小城,"123.42988095073604,41.90161044547504",9,2室1厅,82.72平米,90万
奥体锦园,"123.4476753049221,41.73196159759382",10,3室2厅,102.57平米,135万
陵西江山花园,"123.38896205678994,41.86400588256204",2,3室2厅,114平米,60万
四台子香树湾,"123.41514478782816,41.90941127281447",8,2室2厅,82.78平米,76万
二十一世纪万科明天广场,"123.46339205812467,41.72977463746614",9,3室2厅,91.14平米,155万
新立堡中金启城,"123.52912026381479,41.812016669868317",5,2室1厅,63.91平米,75万
东北大马路东方银座中心城,"123.49693056383134,41.82888988063037",11,2室1厅,67平米,67万
八王寺吉祥公寓,"123.47665131694359,41.82895277005871",5,3室2厅,122.6平米,95万
长青东亚国际城,"123.53270728754667,41.754119288278499",8,2室1厅,69平米,68万
新立堡水晶城,"123.53144813271334,41.82824035551072",1,2室2厅,67.5平米,71万
北二路鑫丰俪城,"123.37930114035231,41.8176285116919",5,3室1厅,120.76平米,145万
新立堡东塔安居,"123.52612513358342,41.81473622770286",2,2室1厅,76平米,52万
方家栏青阳四季花园,"123.50519506435369,41.77256947019258",9,2室1厅,76平米,60万
长白和泓国际,"123.40945788513614,41.742456401029759",15,2室2厅,92.81平米,162万
云峰南风雅轩,"123.38369484243217,41.80202193737531",33,3室2厅,81.5平米,81万
于洪新城碧桂园银河城星荟,"123.33936364517587,41.760773487422209",17,3室2厅,94.43平米,110万
于洪新城碧桂园银河城锦园,"123.35058554709815,41.76449153164045",8,3室2厅,108.67平米,149万
铁西广场兴华南街,"123.37808196011418,41.80007191335165",5,3室2厅,135平米,101万
新华广场红星社区,"123.40015763836078,41.78724698267569",16,2室2厅,112平米,98万
长白远洋天地,"123.4088020322833,41.75690589654452",6,3室2厅,136.34平米,260万
陵东金山小区西区,"123.44894353264108,41.85415613753712",10,4室2厅,202平米,132万
东五里河春田小区,"123.45287146331401,41.77218917529107",0,1室1厅,37.83平米,30万
正良府梓新居,"123.41449585192776,41.923102374611818",1,1室0厅,38.52平米,34万
霁虹新湖明珠城,"123.39200470738277,41.81721676676329",3,1室1厅,45.87平米,67万
白塔隆河谷,"123.42113558727421,41.703398026033337",3,1室1厅,53.73平米,44万
道义沈阳雅居乐花园A地块,"123.38715466610386,41.93706901352872",2,1室1厅,53平米,50万
正良华强城一期,"123.4101122108696,41.91980113119969",3,1室1厅,40.61平米,42万
于洪新城碧桂园银河城星座,"123.34687940805566,41.767214937461037",32,2室2厅,89.49平米,100万
长青朗明居,"123.50207488999533,41.74608543045718",14,1室0厅,46.16平米,54万
西三台子七彩阳光,"123.40773780974563,41.873223699429278",12,1室1厅,47.39平米,40万
北行嘉陵江社区,"123.42218040641285,41.836003449336079",12,1室1厅,24.32平米,50万
奥体沿海赛洛城,"123.46629897475495,41.73607367892225",4,1室1厅,51.02平米,59万
霁虹青年居易,"123.39131130535962,41.806108660354329",0,1室1厅,45.05平米,52万
奥体华发首府,"123.46637892394534,41.73934168934656",18,1室0厅,50.73平米,78万
于洪新城紫郡城一期北院,"123.36853198440704,41.769314865911017",7,1室0厅,29.4平米,18万
新市府泰莱枫尚,"123.44329902996914,41.692259683604657",5,1室1厅,45平米,48万
奥体沿海赛洛城,"123.46629897475495,41.73607367892225",14,1室0厅,45.38平米,50万
北二路云峰嘉园,"123.39063110842747,41.808770467957639",4,2室1厅,75.69平米,87万
会展中心恒大名都,"123.40190816630809,41.692179354226968",9,2室1厅,94.51平米,88万
北二路千缘爱在城,"123.38340810331339,41.81000532118998",10,2室1厅,68.94平米,82万
长客林语家话,"123.47109664482264,41.68383006919066",4,1室1厅,44.24平米,36万
白塔郡原小石城六期,"123.4224630133263,41.698656890324148",8,2室1厅,76.13平米,78.8万
陵东东亚翰林世家,"123.45643692771366,41.85451169676777",3,2室1厅,74.29平米,98万
长白长白新城,"123.38880377535907,41.7474501315614",16,1室1厅,67.09平米,75万
三好街世茂新五里河,"123.4413113493672,41.76409524832825",85,4室2厅,159.58平米,260万
陵东富丽阳光,"123.46117854351754,41.85498935461684",10,2室2厅,110平米,86万
于洪新城恒大绿洲（一期四期七期）,"123.34116097484024,41.74869888987581",71,4室2厅,180平米,140万
保工北万科翡翠之光,"123.3637120363627,41.80770086525461",71,3室2厅,118.17平米,226万
长白中海和平之门,"123.42016236308467,41.73547764207218",189,2室2厅,85.69平米,161万
二十一世纪唯美品格,"123.441783947896,41.712524976074487",46,2室2厅,83.9平米,55万
西三台子阳光尚城三期,"123.4068341144026,41.8776049444804",15,3室2厅,116.62平米,125万
会展中心恒大名都,"123.40190816630809,41.692179354226968",59,3室2厅,121平米,100万
奥体伊丽雅特湾二期,"123.44467496451877,41.74253787817031",32,3室2厅,127平米,139万
长白深航翡翠城,"123.4042159131632,41.75569913913679",23,3室2厅,130.99平米,230万
南湖盛发花园,"123.40531660690459,41.770754457858838",97,2室2厅,93平米,103.8万
丁香湖美的城,"123.47109664482264,41.68383006919066",28,3室2厅,117平米,113.5万
长白江南时代,"123.39491620537116,41.731697879711138",44,2室2厅,82.98平米,100万
长青金地长青湾・丹陛,"123.52186294343022,41.757748796978408",0,2室2厅,88.87平米,118万
二十一世纪万科新榆公馆,"123.43893694824323,41.721457999435788",5,2室2厅,98平米,118万
于洪广场明地家园,"123.30143098823658,41.79713372391874",1,1室1厅,51.38平米,48万
会展中心华府丹郡,"123.39510502918937,41.684027921962947",6,2室2厅,69平米,68万
三台子荣盛城,"123.43505222606533,41.90300295034251",4,2室2厅,78平米,76.5万
于洪新城碧桂园银河城锦园,"123.35058554709815,41.76449153164045",5,2室1厅,85平米,107万
塔湾城建鑫宇园,"123.36797934685731,41.83203508202862",1,2室1厅,78.22平米,43万
道义绿茵湖畔,"123.40200410533655,41.94891021209414",2,2室1厅,84.36平米,59万
铁西广场四季嘉园二期,"123.37594713706972,41.80803719319155",2,2室2厅,67.56平米,75.5万
奥体万锦香樟树,"123.46750198549391,41.745004951273099",9,2室2厅,77.25平米,118万
上园彤利紫竹茗郡,"123.47864402805637,41.84778790509385",5,2室1厅,67.81平米,54万
奥体万锦香樟树,"123.46750198549391,41.745004951273099",4,2室1厅,79.94平米,133万
正良雷明锦程,"123.40540158660582,41.92634783131255",2,2室1厅,57.97平米,62.9万
铁西广场纳帕名门,"123.3669867192688,41.79087023333435",2,3室3厅,95平米,197万
道义太湖国际花园,"123.40172886452828,41.94487640649539",6,2室1厅,59.04平米,51万
西三台子阳光尚城二期,"123.4068341144026,41.8776049444804",0,2室2厅,85.81平米,90万
东中街东远国际花园,"123.48029403561709,41.814425338655009",2,1室1厅,40.34平米,46万
正良雷明锦程,"123.40540158660582,41.92634783131255",2,2室2厅,89.86平米,95万
艳粉今日阳光C区,"123.35174885273358,41.77912350088463",6,2室2厅,66平米,56.8万
会展中心华府丹郡,"123.39510502918937,41.684027921962947",4,2室2厅,63.53平米,63万
经济技术开发区三一新境界,"123.25046957767222,41.750509619959867",1,2室2厅,87平米,70万
四台子保利溪湖林语五期,"123.39227168378035,41.900938443048847",3,2室2厅,89.18平米,96万
陵东富丽阳光,"123.46117854351754,41.85498935461684",2,2室2厅,87.35平米,82万
道义中铁人杰水岸一期,"123.40481822700765,41.94943235879431",17,1室1厅,40.25平米,29万
于洪新城新城惠泽园,"123.34243198730629,41.76552191051638",11,2室1厅,77平米,64万
西三台子新湖国际,"123.41933304743788,41.8733242119592",1,2室2厅,96.12平米,135万
东湖金地艺境,"123.5721330180741,41.79782887486413",1,3室2厅,113平米,175万
东中街百乐小区,"123.39657025530669,41.94366389411606",10,1室1厅,38.8平米,28万
长白中冶上和郡,"123.3951894699073,41.7387246901824",9,2室2厅,80.18平米,125万
陵西北美家园,"123.39565613961973,41.862089389946238",5,2室2厅,76.97平米,68万
八王寺锦联左岸,"123.47605708784873,41.82704657458669",6,2室2厅,104.38平米,125万
新市府月星中央公园,"123.47471304314472,41.70751390149615",1,2室2厅,88.25平米,116万
东湖金地艺境,"123.5721330180741,41.79782887486413",5,2室1厅,89.36平米,108万
道义荣盛盛京绿洲,"123.42590154715738,41.95907299038034",2,2室1厅,83平米,68万
丁香湖万科香湖盛景,"123.3575796639683,41.87286965502777",4,2室1厅,82平米,110万
西站宏发长岛,"123.33907403147946,41.78287187390181",1,2室1厅,89.65平米,87万
道义龙腾碧玉湾,"123.39833102393679,41.95288394455143",1,2室1厅,83平米,66万
经济技术开发区澳海澜庭,"123.25423707098106,41.757482024334368",7,2室2厅,82.5平米,81万
张士澳海西湖印象,"123.31461730464808,41.77819898123211",3,2室1厅,83.07平米,100万
新立堡保利达翠堤湾二期,"123.56088299918935,41.820191861248307",4,2室2厅,79.43平米,85万
经济技术开发区荣盛幸福大道,"123.2575173233813,41.754466124259909",2,2室1厅,76.14平米,57万
四台子保利溪湖林语二期,"123.38754111713424,41.902979662763879",1,2室1厅,76平米,82万
重工街美好愿景,"123.3360322791921,41.83114888898131",2,1室1厅,61平米,60万
白塔郡原小石城六期,"123.4224630133263,41.698656890324148",1,2室1厅,76.24平米,83万
道义碧桂园太阳城,"123.43236656208214,41.949660503225569",7,1室1厅,63平米,50万
北行嘉陵江社区,"123.42218040641285,41.836003449336079",3,1室1厅,39.47平米,68万
东湖金地艺境,"123.5721330180741,41.79782887486413",4,2室2厅,82平米,98万
云峰晶座,"123.38704830673147,41.800584329798997",2,3室2厅,114.95平米,205万
新市府华茂央府,"123.47117057536612,41.6923880218642",4,2室1厅,60.26平米,85万
长青慧缘馨村,"123.49675198069596,41.74996592197246",0,1室1厅,59.62平米,67万
重工街牛心屯四路,"123.33361134584271,41.822332644263749",1,2室1厅,59.93平米,40万
长白外滩叁号,"128.20758420219489,41.425895812593768",3,1室1厅,43.74平米,105万
东五里河越秀星汇云锦,"123.46180798618838,41.766629885490228",8,3室2厅,148平米,326万
西三台子亚都名苑,"123.40227638173661,41.86731446451221",0,2室1厅,84.86平米,70万
长白深航翡翠城,"123.4042159131632,41.75569913913679",3,2室1厅,95平米,180万
二十一世纪金地锦城西区,"123.45992625263659,41.71814283680586",4,2室2厅,74.83平米,95万
会展中心华府丹郡,"123.39510502918937,41.684027921962947",1,2室1厅,84.32平米,83.5万
北一路鑫丰雍景豪城,"123.38585634515029,41.81750049270408",4,2室1厅,59.59平米,93万
八王寺阳光港湾,"123.48075145278277,41.82359310421919",4,1室1厅,45.46平米,47万
满融九洲御府,"123.38837016328941,41.708938801372507",2,2室1厅,68.51平米,83万
西站宏发长岛,"123.33907403147946,41.78287187390181",5,2室1厅,90.74平米,78万
张士梦想西铁成,"123.30251263790113,41.777877961521138",0,2室1厅,65.21平米,71万
新市府博信双E港,"123.47161622472962,41.71374480169933",16,2室1厅,63.8平米,59.5万
经济技术开发区荣盛幸福大道,"123.2575173233813,41.754466124259909",1,2室2厅,81.3平米,65万
东湖其仕盛和祥,"123.36490444709665,41.81216775199934",4,2室1厅,75.07平米,79.5万
丁香湖中铁丁香水岸,"123.36560970675254,41.86946111284002",1,2室2厅,77.55平米,92万
方家栏御龙逸城二期,"123.51268630349304,41.78803643485151",1,2室1厅,79.9平米,75万
于洪新城宏发英树,"123.3458479736691,41.771512910523068",2,2室1厅,73平米,69万
重工街保利心语花园,"123.32891769955308,41.82305386049673",10,2室1厅,86.46平米,97万
重工街美好愿景,"123.3360322791921,41.83114888898131",6,1室1厅,64.64平米,66.5万
丁香湖美的城,"123.47109664482264,41.68383006919066",0,2室1厅,89.46平米,107万
金廊顺通社区,"123.4481310153073,41.789429886148379",0,2室1厅,54.04平米,112万
新市府旭辉御府,"123.45385070615044,41.695909008636039",5,2室2厅,69.16平米,112万
西三台子银亿万万城,"123.40305898549691,41.89001889850454",5,2室2厅,50平米,48万
于洪新城水调歌城C区,"123.36136853694829,41.76585314822593",6,2室1厅,76.7平米,69万
于洪新城恒大绿洲（三期五期）,"123.34106395784515,41.751465890179257",1,2室2厅,96.13平米,95万
塔湾格林常青藤,"123.39278946707629,41.85301274656525",3,2室1厅,63.21平米,86万
陵东富丽阳光,"123.46117854351754,41.85498935461684",45,2室2厅,87.72平米,75万
长白华润幸福里,"123.40623799886618,41.7496197342241",42,2室2厅,95.93平米,200万
长白丽湾国际,"123.41408020596829,41.75637624451963",2,2室2厅,74.72平米,143万
二十一世纪世纪枫景汇,"123.46848113849978,41.73308125930397",23,2室1厅,58.98平米,67万
霁虹新湖明珠城,"123.39200470738277,41.81721676676329",0,2室2厅,80.15平米,118万
长青格林馨港湾,"123.50322687698133,41.75167342213017",31,2室2厅,90.96平米,112万
于洪广场富海同盛,"123.3009616236076,41.79909331620094",19,2室1厅,60.1平米,59.8万
长白翰逸华园,"123.41455037907221,41.75309599004584",11,2室1厅,87平米,143万
奥体首创国际城,"123.45108895569057,41.73828787538557",169,2室1厅,85.05平米,83万
张士天一名筑,"123.31532993040915,41.78466334421316",2,2室2厅,90.58平米,89万
长白万科城四期,"123.3985132002942,41.75547601431807",12,2室2厅,101.02平米,193万
保工北艺格春天,"123.36717177020384,41.8108828031465",12,2室2厅,93.6平米,122万
东北大马路万恒东方俪城二期,"123.48949645692241,41.83116877639073",38,2室2厅,84.62平米,77万
于洪新城碧桂园银河城天域二期,"123.34195390911389,41.754351230005088",14,2室1厅,77.1平米,79万
新市府廊桥国际,"123.46491881816941,41.70988142445512",24,2室1厅,74.53平米,75万
东北大马路巧克力城,"123.50458104289354,41.833071574865119",19,2室2厅,99.73平米,85万
重工街保利心语花园,"123.32891769955308,41.82305386049673",42,2室1厅,63.26平米,66万
新市府首创光和城,"123.47061398527213,41.70305286449807",18,2室2厅,79.04平米,112万
八王寺枫合万嘉三期,"123.47210202834941,41.82402664613428",13,2室2厅,96.76平米,130万
新市府华茂央府,"123.47117057536612,41.6923880218642",9,2室1厅,60.43平米,80万
启工街瑞盛佳园,"123.34763571571874,41.80832046233598",16,2室1厅,112.47平米,86万
于洪新城碧桂园银河城锦园,"123.35058554709815,41.76449153164045",2,2室2厅,94.37平米,108万
奥体名流印象四期,"123.46885097087825,41.81519691328212",44,2室2厅,100.28平米,139.5万
长青金地滨河国际・悦城,"123.52572404017322,41.75540948705023",2,1室1厅,54.01平米,72.5万
云峰东环国际花园二期,"123.38814702420074,41.80521585479266",8,2室2厅,87.76平米,119万
道义晨兴・翰林水郡,"123.42877181292286,41.93181674991524",23,1室1厅,55.94平米,48万
重工街保利心语花园,"123.32891769955308,41.82305386049673",10,2室1厅,85.48平米,85万
东湖荣盛紫提东郡二期,"123.55719761100412,41.77395330751448",24,2室2厅,78.49平米,75万
奥体泛美华庭,"123.45859366941257,41.745224883421439",9,2室1厅,89.43平米,108万
于洪新城碧桂园银河城星荟,"123.33936364517587,41.760773487422209",6,2室1厅,76.72平米,90万
满融九洲湾景汇,"123.38698524568467,41.70728899234354",6,2室1厅,64.58平米,76万
霁虹新湖明珠城,"123.39200470738277,41.81721676676329",13,2室1厅,61.31平米,85万
长白翰逸华园,"123.41455037907221,41.75309599004584",7,1室1厅,55.77平米,106万
西三台子阳光尚城三期,"123.4068341144026,41.8776049444804",11,2室1厅,96.57平米,95万
长白新加坡城,"123.40133495756216,41.734939737245067",6,2室2厅,84.69平米,135万
四台子郡源悦城,"123.40781299791682,41.91318390286774",3,2室2厅,79平米,97万
铁西广场四季嘉园二期,"123.37594713706972,41.80803719319155",22,2室1厅,46.06平米,53万
于洪广场世代龙泽湾,"123.3132447836594,41.7940216186145",39,2室1厅,76.25平米,81万
于洪新城宏发英里,"123.33809083609877,41.75554415592684",9,2室1厅,82.89平米,77万
新市府中海康城橙郡,"123.4723718793246,41.70855994415282",13,2室2厅,83.88平米,132万
于洪新城碧桂园银河城星荟,"123.33936364517587,41.760773487422209",28,2室1厅,82.64平米,98万
于洪广场世代龙泽湾,"123.3132447836594,41.7940216186145",13,2室1厅,60.84平米,55万
于洪新城宏发三千院,"123.35037148089512,41.77295742917564",14,2室1厅,69.31平米,60万
丁香湖中铁丁香水岸,"123.36560970675254,41.86946111284002",9,2室2厅,74.26平米,92万
荷兰村华邑世纪城,"123.39336043005844,41.884503004460118",6,2室2厅,82.9平米,75万
道义雨润中央宫园,"123.44901620555683,41.92477315885589",9,1室1厅,57.02平米,48.5万
道义三盛颐景蓝湾,"123.44191932253635,41.95160640364431",17,2室1厅,75.88平米,62万
于洪新城碧桂园银河城星荟,"123.33936364517587,41.760773487422209",3,2室2厅,82.64平米,99万
丁香湖保利上林湾,"123.37355243424122,41.86278087580519",3,2室2厅,97.19平米,98万
道义亚泰城,"123.4660961373708,41.94102289883927",15,2室2厅,89.03平米,94万
北二路欧尚一品,"123.38787807153105,41.80750332889244",26,2室1厅,60平米,78万
长白中海和平之门,"123.42016236308467,41.73547764207218",33,3室2厅,123.94平米,242万
长青金地国际花园,"123.49086188129758,41.74958939393341",29,2室2厅,87.66平米,103万
霁虹保利百合花园南园,"123.39906475987734,41.790527158824",54,2室1厅,76.67平米,79万
重工街万科润园一期,"123.3360322791921,41.83114888898131",27,2室2厅,74.54平米,83万
会展中心格林喜鹊花园,"123.38714586270985,41.671048074001948",0,2室1厅,77.52平米,58万
白塔郡原小石城,"123.41144502675475,41.698232660608997",42,3室2厅,142平米,175万
会展中心恒大名都,"123.40190816630809,41.692179354226968",19,3室2厅,137.69平米,90万
西三台子恒大城二期,"122.63645395650627,41.81711401492",10,3室2厅,143.43平米,123万
会展中心华府丹郡,"123.39510502918937,41.684027921962947",4,3室2厅,122平米,116万
东北大马路巧克力城,"123.50458104289354,41.833071574865119",22,3室2厅,102.4平米,94万
北一路金辉优步大道,"123.37768005822902,41.824964408949778",100,3室2厅,89平米,110万
陵东富丽阳光,"123.46117854351754,41.85498935461684",11,2室1厅,98.42平米,103万
奥体伊丽雅特湾二期,"123.44467496451877,41.74253787817031",7,3室2厅,127.47平米,145万
长青河畔新城一期,"123.48498471749855,41.75436172386834",68,3室2厅,146.24平米,127万
长白远洋天地,"123.4088020322833,41.75690589654452",18,3室2厅,143.1平米,300万
云峰晶座,"123.38704830673147,41.800584329798997",5,2室1厅,59.8平米,80万
白塔金石小镇,"123.42994841347984,41.68292760225968",34,3室2厅,108.06平米,130万
道义中铁人杰水岸一期,"123.40481822700765,41.94943235879431",43,2室2厅,78.98平米,77万
于洪新城恒大绿洲（一期四期七期）,"123.34116097484024,41.74869888987581",16,3室1厅,113.17平米,99万
长青河畔新城五期,"123.48498471749855,41.75436172386834",37,3室2厅,100.76平米,137万
上园康都,"123.48590368403527,41.84227357840019",60,2室1厅,70.56平米,45万
于洪新城碧桂园银河城都荟,"123.35253891242961,41.761109323593988",15,3室2厅,126平米,170万
长白中海国际社区三期学府,"123.41707335992753,41.749171961194559",13,3室2厅,126.7平米,240万
北行碧海新居,"123.42676580688854,41.829606386414777",69,3室2厅,174平米,120万
长白中海和平之门二期,"123.42016236308467,41.73547764207218",172,3室2厅,113.08平米,185万
重工街保利心语花园,"123.32891769955308,41.82305386049673",63,3室1厅,96.77平米,99万
重工街保利心语花园,"123.32891769955308,41.82305386049673",116,3室1厅,90.77平米,100万
启工街恒大华府,"123.34887795815424,41.82200485875925",34,3室2厅,97.73平米,113万
新市府月星中央公园,"123.47471304314472,41.70751390149615",74,3室2厅,122平米,150万
霁虹示范和平家园,"123.39520213601499,41.81273128249251",19,3室2厅,136.19平米,120万
长白新加坡城,"123.40133495756216,41.734939737245067",56,2室2厅,88.06平米,120万
霁虹富花都,"123.40487455076313,41.811668198370558",40,2室2厅,100平米,88万
张士华润24城,"123.30052271153544,41.78130681750571",22,3室2厅,117.93平米,145万
东北大马路林韵春天,"123.50941521380902,41.84624547070484",8,2室1厅,69.85平米,58万
白塔碧桂园公园里,"123.43944413153416,41.69929299396743",5,3室1厅,80.52平米,115万
理工大学格林英郡,"123.3980661136419,41.731141773920139",25,3室2厅,98.26平米,115万
陵东城建北尚C区,"123.47238005390475,41.86201484843553",62,2室2厅,92.39平米,61万
奥体沿海赛洛城,"123.46629897475495,41.73607367892225",23,3室2厅,114.5平米,131万
于洪广场迎宾花园小区,"123.32019254796522,41.80967485092596",321,2室1厅,64.51平米,33.5万
于洪新城碧桂园银河城锦园,"123.35058554709815,41.76449153164045",44,3室2厅,108.5平米,123万
新市府美地庄园,"123.51666283249407,41.67532916143936",17,3室2厅,166.11平米,105万
白塔郡原小石城八期蓝湾一期,"123.41620901036582,41.70029588116162",24,3室2厅,93.93平米,98万
道义三盛颐景蓝湾,"123.44191932253635,41.95160640364431",9,2室1厅,76.32平米,63万
会展中心泰盈十里锦城,"123.37295964243518,41.675912828957937",20,3室2厅,121.81平米,77万
满融九洲御府,"123.38837016328941,41.708938801372507",23,3室1厅,96平米,115万
于洪新城碧桂园银河城星荟,"123.33936364517587,41.760773487422209",20,2室1厅,77平米,83万
长白金沙湾一期,"123.41050746529399,41.736878837937819",60,2室2厅,87平米,86万
正良城建美庭,"123.40634301078029,41.92054968754605",22,3室2厅,100.5平米,87万
长青万科金域蓝湾,"123.4964041568025,41.75434201423914",16,3室1厅,147.38平米,238万
长白中海和平之门,"123.42016236308467,41.73547764207218",126,2室2厅,84.09平米,148万
八王寺城中艺景,"123.46698402253687,41.824801262329049",17,3室1厅,135.47平米,145万
东五里河远洋大河宸章,"123.49389626747974,41.76529411213124",16,3室2厅,146平米,330万
新市府府城铭邸,"123.44747902516815,41.68629988511679",1,3室2厅,91.63平米,100万
二十一世纪万科新榆公馆,"123.43893694824323,41.721457999435788",47,3室2厅,111.74平米,135万
新市府中海康城橙郡,"123.4723718793246,41.70855994415282",10,2室2厅,87.59平米,135万
东湖荣盛紫提东郡一期,"123.55719761100412,41.77395330751448",24,3室2厅,130平米,138万
长白富海澜湾半岛,"123.4210367736681,41.738872649414059",18,2室2厅,82.15平米,132万
奥体世纪新城,"123.45474874216876,41.73449589842085",8,3室1厅,80平米,74万
白塔隆河谷,"123.42113558727421,41.703398026033337",55,3室2厅,100.28平米,98万
道义汇置尚都,"123.38180974831949,41.821574730115298",34,3室2厅,100.98平米,140万
张士融创沈阳府,"123.30952481071202,41.777464681562189",37,3室2厅,125平米,126万
道义荣盛香缇澜山二期,"123.42026432076007,41.93726547612896",3,2室2厅,73.93平米,68万
重工街保利心语花园,"123.32891769955308,41.82305386049673",41,3室1厅,99.28平米,95万
于洪新城名门,"123.34839062741507,41.75753287669461",4,4室2厅,167平米,200万
张士华润24城,"123.30052271153544,41.78130681750571",33,3室2厅,117.5平米,136万
金廊河畔花园,"122.7518063551786,41.517081765650747",13,3室1厅,164.2平米,139万
奥体金水花城一期,"123.4751972298146,41.75608894984035",27,2室2厅,115.87平米,106万
奥体沈阳奥体万达公馆,"123.46403254995328,41.738778921755109",24,3室2厅,169.82平米,280万
二十一世纪龙湖春江郦城,"123.46213478973289,41.72241322493589",48,3室2厅,96平米,152万
于洪新城碧桂园银河城银座,"123.35389149103598,41.75648023801295",25,3室2厅,112平米,115万
新市府金辉中央云著,"123.46813699765892,41.70177587850068",6,3室1厅,125.38平米,190万
新市府金辉中央云著,"123.46813699765892,41.70177587850068",5,3室1厅,106.97平米,158万
陵西加华小镇,"123.41106648081287,41.86207300425228",17,3室1厅,83.64平米,72.5万
道义雨润中央宫园,"123.44901620555683,41.92477315885589",31,2室2厅,79平米,63万
道义明华香峪兰溪,"123.43940999592478,41.93018821217808",23,2室1厅,59.88平米,43万
会展中心恒大名都,"123.40190816630809,41.692179354226968",9,3室1厅,118平米,103万
正良华强城二期,"123.41172583705719,41.91515910604683",16,3室2厅,124平米,134万
长白中海国际社区一期,"123.41194699987374,41.74666131972309",3,2室2厅,89平米,170万
长青文华苑A区,"123.51733566332104,41.75768085952257",15,1室0厅,55平米,40万
长白中海和平之门二期,"123.42016236308467,41.73547764207218",35,2室1厅,89.05平米,160万
长白富海澜湾半岛,"123.4210367736681,41.738872649414059",10,2室1厅,95.67平米,165万
新市府金辉中央云著,"123.46813699765892,41.70177587850068",23,3室2厅,108平米,143万
三好街御景新世界,"123.42951534039348,41.75788332638019",9,2室1厅,104平米,205万
长青华润奉天九里,"123.50284527680069,41.755379485853129",12,3室2厅,122.46平米,220万
长白中海和平之门四期城市庭院,"123.42016236308467,41.73547764207218",13,2室2厅,86平米,140万
正良华强城二期,"123.41172583705719,41.91515910604683",21,3室2厅,116.49平米,119.5万
东湖荣盛紫提东郡二期,"123.55719761100412,41.77395330751448",46,3室2厅,89平米,87万
新市府月星中央公园,"123.47471304314472,41.70751390149615",46,3室2厅,101平米,110万
新立堡保利达翠堤湾二期,"123.56088299918935,41.820191861248307",21,2室2厅,89平米,88万
新市府旭辉御府,"123.45385070615044,41.695909008636039",2,3室2厅,76.85平米,117万
区中心碧桂园凤凰城,"123.32913095728115,41.65663086214382",6,3室2厅,104.44平米,67.8万
正良融创唐轩公馆,"123.41378699904982,41.920464882467268",26,2室1厅,63.81平米,61万
白塔富城铭邸,"123.42181228081485,41.69255150800377",3,2室1厅,67.69平米,60万
长白富海澜湾半岛,"123.4210367736681,41.738872649414059",13,2室1厅,62.11平米,115万
于洪新城恒大绿洲（八期）,"123.3356130400106,41.746871894755638",7,3室2厅,92.32平米,95万
经济技术开发区青城,"123.26609659015435,41.75657999357825",2,3室2厅,88.5平米,66万
正良华强城一期,"123.4101122108696,41.91980113119969",7,3室2厅,101平米,90万
白塔郡原小石城六期,"123.4224630133263,41.698656890324148",2,3室2厅,86.93平米,105万
长白新加坡城,"123.40133495756216,41.734939737245067",16,2室2厅,103.27平米,136万
望花旭辉东樾城,"123.49907203433658,41.874527865668287",7,2室1厅,74平米,83万
道义坤湖郦舍,"123.44918733275648,41.939855452184577",18,2室2厅,78.23平米,56.8万
西三台子亚都名苑,"123.40227638173661,41.86731446451221",0,2室1厅,91.5平米,77万
会展中心华府丹郡,"123.39510502918937,41.684027921962947",9,2室1厅,75.87平米,76.5万
长青金地长青湾・丹陛,"123.52186294343022,41.757748796978408",9,3室1厅,143平米,195万
泉园教工社区,"123.46908893200784,41.779289454405368",4,2室1厅,53.36平米,49.8万
道义三盛颐景蓝湾,"123.44191932253635,41.95160640364431",4,2室1厅,86平米,71.5万
新市府中海康城橙郡,"123.4723718793246,41.70855994415282",10,2室1厅,87平米,125万
铁西广场万达广场C组团,"123.37808196011418,41.80007191335165",21,2室1厅,89.16平米,97万
奥体金水花城二期,"123.4751972298146,41.75608894984035",18,3室2厅,143平米,172万
白塔郡原小石城六期,"123.4224630133263,41.698656890324148",26,2室2厅,56.61平米,56.5万
荷兰村华邑世纪城,"123.39336043005844,41.884503004460118",76,2室2厅,72.17平米,49万
长白万科鹿特丹,"123.4056997342046,41.735567000853247",29,2室2厅,92.46平米,163万
北行书香人家,"123.40403813850279,41.83274187762969",15,2室1厅,85.06平米,115万
长白中海和平之门,"123.42016236308467,41.73547764207218",32,2室2厅,84平米,160万
霁虹新湖御和园,"123.3902513946884,41.814314450494467",26,2室1厅,94.61平米,130万
二十一世纪万科新榆公馆,"123.43893694824323,41.721457999435788",88,2室2厅,99.35平米,95万
长青伊湾尊府,"123.49505526124871,41.74672866344336",10,2室2厅,105.82平米,111万
霁虹保利百合花园南园,"123.39906475987734,41.790527158824",4,1室1厅,59.64平米,61万
新市府绿城全运村翡翠园A区,"123.48924636866843,41.68844059331351",24,3室2厅,160.22平米,330万
三好街御景新世界,"123.42951534039348,41.75788332638019",10,2室1厅,99.1平米,180万
重工街美好愿景,"123.3360322791921,41.83114888898131",49,2室1厅,77.41平米,75万
正良江南甲第二期,"123.40192200021294,41.92121899959446",27,2室1厅,63.59平米,68万
长白富海澜湾半岛,"123.4210367736681,41.738872649414059",14,2室2厅,95.45平米,162万
长青文华街三号院,"123.52992397775457,41.75235844094789",93,2室2厅,79.57平米,78万
霁虹保利百合花园东园,"123.39486051042954,41.81039842868953",11,1室1厅,50.43平米,55万
新市府美地庄园,"123.51666283249407,41.67532916143936",39,4室2厅,188.01平米,100万
北二路鑫丰国际,"123.39055295584811,41.81095498517644",67,3室2厅,119.62平米,132万
四台子郡源悦城,"123.40781299791682,41.91318390286774",11,2室1厅,79.16平米,83万
奥体华发首府,"123.46637892394534,41.73934168934656",20,2室1厅,76.8平米,110万
于洪新城碧桂园银河城星荟,"123.33936364517587,41.760773487422209",22,3室2厅,94.8平米,105万
中街1世界公寓,"123.06531273239713,41.874303948999429",6,1室0厅,40.6平米,31万
长白丽湾国际,"123.41408020596829,41.75637624451963",14,3室2厅,106.85平米,150万
白塔郡原小石城六期,"123.4224630133263,41.698656890324148",15,2室1厅,76.49平米,76万
长白越秀星汇蓝海,"123.39290301289275,41.744221827885329",15,2室1厅,80.92平米,140万
正良香槟新坐标,"123.37979377109399,41.92571292207822",39,2室1厅,75.19平米,62万
长白富海澜湾半岛,"123.4210367736681,41.738872649414059",9,2室2厅,82.41平米,137万
长白长岛壹号,"123.41412296531056,41.75649987971448",6,1室0厅,51.14平米,93万
长青金地滨河国际・左岸,"123.52896279085889,41.75801334877697",61,3室2厅,112.36平米,155万
长白格林观堂二期,"123.39938752104708,41.748270149140569",16,2室2厅,93.78平米,172万
长白龙湖唐宁ONE,"128.20758420219489,41.425895812593768",16,2室2厅,95.34平米,184万
三好街新世界花园痪盎庭,"123.42457205500262,41.76508810420965",28,2室1厅,119.21平米,165万
五爱通天社区,"123.4641434008532,41.78874546777703",5,1室1厅,33.18平米,31万
理工大学优品天地一期,"123.49878996640645,41.736990668512657",1,1室1厅,37.76平米,37万
长客怡林名门,"123.45709646361908,41.85144169217125",1,1室1厅,39.85平米,36万
铁西广场君临天下熙城桃源,"123.37848754505193,41.80965139466337",2,1室1厅,35.98平米,44万
西三台子兴隆御府,"123.4034051026099,41.8801010882325",2,1室2厅,49.31平米,51万
南塔第五大道花园,"122.836406432514,41.99986109208433",12,1室1厅,49.46平米,39万
兴工街韵动领地,"123.4017276455277,41.811600049622899",3,1室1厅,50.49平米,53万
长青文华苑A区,"123.51733566332104,41.75768085952257",1,1室1厅,47.36平米,36万
滑翔凌空五小区,"123.3791871453831,41.77304828211637",4,2室1厅,61.61平米,47.8万
南塔塔园小区,"123.45605631566908,41.77308567233412",2,1室1厅,36.7平米,34.8万
上园万恒愿景,"123.49439895924312,41.84355587740436",2,1室1厅,57.11平米,44万
奥体沿海赛洛城,"123.46629897475495,41.73607367892225",1,1室1厅,53.73平米,59万
二十一世纪万科明天广场,"123.46339205812467,41.72977463746614",1,1室1厅,45.18平米,73万
奥体沿海赛洛城,"123.46629897475495,41.73607367892225",2,1室1厅,45.38平米,54万
东北大马路远大城市立方,"123.49539185632331,41.839923133481089",4,1室1厅,41.09平米,32万
五爱顺发巷小区,"123.44635776023061,41.784236795430128",1,1室1厅,33.35平米,70万
南塔市政小区,"123.45654813793579,41.76753829759561",1,2室1厅,64.1平米,57万
南塔第五大道花园,"122.836406432514,41.99986109208433",11,1室1厅,50.41平米,43万
于洪新城紫郡城一期北院,"123.36853198440704,41.769314865911017",3,1室0厅,47.72平米,22.4万
保工南建大五小区,"123.3642099671069,41.79952386584752",11,1室1厅,41.2平米,16万
北二路鑫丰俪城,"123.37930114035231,41.8176285116919",4,2室1厅,75.88平米,74万
白塔郡原小石城二期E区,"123.41652350712487,41.694498698083659",6,2室1厅,80平米,77万
长青万科金域蓝湾,"123.4964041568025,41.75434201423914",8,3室2厅,149.46平米,238万
道义三盛颐景御园,"123.43259850456482,41.96030840693609",2,2室1厅,78.58平米,62万
于洪新城恒大绿洲（八期）,"123.3356130400106,41.746871894755638",0,3室2厅,126平米,110万
八王寺莱茵河畔,"123.4899353689946,41.81950434670334",3,1室1厅,56平米,53万
长青桃花源,"123.50641658018616,41.74570464100467",1,3室1厅,111.01平米,118万
丁香湖保利上林湾,"123.37355243424122,41.86278087580519",7,1室1厅,58.37平米,50万
奥体亿丰南奥国际,"123.47492100087027,41.74290590326293",18,2室2厅,85.73平米,87万
奥体华发首府,"123.46637892394534,41.73934168934656",34,3室2厅,173平米,274万
北一路鑫丰雍景豪城,"123.38585634515029,41.81750049270408",52,2室2厅,81.58平米,106万
长青东亚国际城,"123.53270728754667,41.754119288278499",50,2室2厅,93平米,78万
道义龙腾碧玉湾,"123.39833102393679,41.95288394455143",60,2室1厅,78平米,59万
霁虹新湖明珠城,"123.39200470738277,41.81721676676329",101,2室1厅,84.87平米,96万
霁虹保利百合花园东园,"123.39486051042954,41.81039842868953",7,2室1厅,77.51平米,102.6万
东北大马路万恒东方俪城一期,"123.48949645692241,41.83116877639073",60,3室2厅,110.76平米,93万
二十一世纪万锦紫园,"123.4576791944034,41.72095658949811",66,2室1厅,77.32平米,103万
白塔隆河谷,"123.42113558727421,41.703398026033337",35,2室1厅,86.55平米,76万
三好街世茂新五里河,"123.4413113493672,41.76409524832825",40,3室2厅,142平米,225万
北行华山小区,"123.40519560515239,41.81987313658539",9,2室1厅,63.19平米,41万
上园芳菲苑,"123.49246724307447,41.842292992099029",2,1室1厅,40平米,28万
造化海逸铭筑,"123.37737310723624,41.88937966473219",3,2室1厅,79.4平米,62万
黎明万科城市之光,"123.50647523953596,41.81813823303122",13,2室1厅,72.5平米,90万
于洪新城新城惠泽园,"123.34243198730629,41.76552191051638",13,2室1厅,73平米,62万
望花旭辉东樾城,"123.49907203433658,41.874527865668287",3,3室2厅,84平米,105万
道义太湖国际花园,"123.40172886452828,41.94487640649539",6,2室1厅,64平米,56.8万
道义龙湖源著,"123.45609853602805,41.957248888082769",8,2室2厅,74.63平米,52.8万
道义皇家御院,"123.39811309502008,41.93627309564256",35,2室1厅,65.34平米,55万
滑翔里仁居,"123.3768054679845,41.78081461962021",5,2室2厅,102平米,105万
东五里河越秀星汇云锦,"123.46180798618838,41.766629885490228",7,3室2厅,168平米,386万
经济技术开发区三一新境界,"123.25046957767222,41.750509619959867",1,2室1厅,81.7平米,71.5万
新市府金辉中央云著,"123.46813699765892,41.70177587850068",2,4室2厅,148平米,460万
正良香槟新坐标,"123.37979377109399,41.92571292207822",13,2室1厅,74.49平米,60万
西三台子五彩园,"122.63645395650627,41.81711401492",10,2室2厅,108平米,80万
于洪新城阳光100国际新城E组团,"123.369779012116,41.758321890256947",3,1室1厅,49.05平米,52万
造化海逸铭筑,"123.37737310723624,41.88937966473219",0,2室1厅,96平米,73万
奥体首创国际城,"123.45108895569057,41.73828787538557",8,2室2厅,90.06平米,110万
道义亚泰城,"123.4660961373708,41.94102289883927",9,2室1厅,45.38平米,63万
重工街保利心语花园,"123.32891769955308,41.82305386049673",24,2室1厅,87平米,87万
道义坤湖郦舍,"123.44918733275648,41.939855452184577",20,2室2厅,81.1平米,65万
于洪广场迎宾花园小区,"123.32019254796522,41.80967485092596",4,2室1厅,70平米,51万
于洪广场万科翡翠公园,"123.2964739587714,41.79759487315549",11,1室1厅,54.01平米,48万
正良融创唐轩公馆,"123.41378699904982,41.920464882467268",16,2室2厅,75.32平米,84万
于洪广场万家茗苑,"123.30389297414777,41.79407445858491",3,2室1厅,68平米,68万
经济技术开发区银湖雅苑・V街区,"123.24986402992795,41.75235790278419",3,2室2厅,80.5平米,75万
奥体沿海赛洛城,"123.46629897475495,41.73607367892225",14,2室1厅,65.2平米,70万
艳粉春江花月A区,"123.35281235662684,41.777159460553217",4,2室1厅,67.5平米,60.8万
长客桐杉家园,"123.45739784511767,41.849968730398568",2,1室1厅,56.67平米,44万
东北大马路林韵春天,"123.50941521380902,41.84624547070484",19,2室2厅,85.87平米,75万
南湖中科院社区,"123.43020901190828,41.7671318777604",6,2室1厅,50平米,47万
东湖其仕盛和祥,"123.36490444709665,41.81216775199934",5,2室2厅,83平米,100万
区中心碧桂园凤凰城,"123.32913095728115,41.65663086214382",10,2室2厅,82.55平米,62万
道义富城俪景嘉园,"123.39894510558341,41.956496474145279",4,2室1厅,62.48平米,36万
会展中心奥园会展广场,"123.38356126440285,41.677439256624058",2,2室1厅,71.32平米,63万
东北大马路国瑞城,"123.51369015990044,41.84123261927061",7,2室2厅,79.98平米,87万
长白龙湖唐宁ONE,"128.20758420219489,41.425895812593768",12,2室1厅,88.25平米,175万
于洪广场海逸诗阁,"123.2935599455276,41.78906414679513",2,2室1厅,68.8平米,66万
正良华强城,"123.40989814466657,41.91981870966114",1,1室1厅,55平米,56万
会展中心泰盈十里锦城,"123.37295964243518,41.675912828957937",5,2室1厅,94平米,71.5万
西三台子阳光维也纳,"123.42144424504743,41.88631423343439",12,2室1厅,83.1平米,75万
东中街香檀1917,"123.47609230142473,41.81301388594564",3,1室1厅,54.54平米,55万
东湖金地艺境,"123.5721330180741,41.79782887486413",3,2室2厅,66.36平米,85万
经济技术开发区荣盛幸福大道,"123.2575173233813,41.754466124259909",9,2室1厅,66.31平米,55.6万
经济技术开发区新湖青蓝国际,"123.25797060834164,41.75612413022307",6,2室1厅,78.9平米,68万
会展中心恒大名都三期,"123.39900098018613,41.68821487622406",5,2室1厅,62.23平米,60万
霁虹晋斯华庭,"123.40183199000083,41.80976188769861",14,1室1厅,54.33平米,47万
北行汇宝国际花园B区,"123.40530313232195,41.82456816620391",5,3室2厅,118平米,104.5万
道义道义新城二期,"123.39699946567935,41.96379057604966",13,2室2厅,79.23平米,42万
道义荣盛香缇澜山二期,"123.42026432076007,41.93726547612896",6,2室1厅,63.44平米,58万
铁西广场恒润雅筑,"123.36533554391089,41.79166602730497",6,2室1厅,93.74平米,165万
铁西广场鑫丰金园,"123.37528894862254,41.80399105814845",3,2室1厅,101.29平米,115万
白塔隆河谷,"123.42113558727421,41.703398026033337",2,3室2厅,100.35平米,102万
西三台子五彩新村,"123.41594383057928,41.86689075325113",1,1室1厅,46.32平米,24万
东北大马路东方银座中心城,"123.49693056383134,41.82888988063037",5,1室1厅,47平米,45万
于洪广场世代龙城,"123.30762175048914,41.80245730685967",5,2室2厅,49.85平米,66万
东中街香檀1917,"123.47609230142473,41.81301388594564",7,1室1厅,62平米,56万
于洪新城金奥新城北区,"123.32519440287533,41.769736067278717",0,2室2厅,94.37平米,77万
保工北假日蓝湾,"123.36053886197925,41.81486552914193",4,2室1厅,67.7平米,81万
道义坤湖郦舍,"123.44918733275648,41.939855452184577",11,2室2厅,83.31平米,61.3万
塔湾寿泉社区,"123.39310845536289,41.825044772617207",0,2室1厅,56.32平米,43万
启工街建设花园,"123.34569103969649,41.81466586449116",2,2室1厅,62.22平米,65万
道义亚泰城,"123.4660961373708,41.94102289883927",10,2室1厅,59.19平米,60万
于洪广场富海同盛,"123.3009616236076,41.79909331620094",6,2室1厅,81.89平米,95万
奥体华发首府,"123.46637892394534,41.73934168934656",7,1室1厅,63.34平米,98万
经济技术开发区荣盛锦绣天地,"123.23562804352803,41.743090856935747",2,2室1厅,58.7平米,41万
保工北天和人家,"123.37143665527356,41.81026300211979",8,2室1厅,75.09平米,91万
金廊万科春河里,"123.43766602560771,41.785989903413227",22,2室1厅,76.06平米,170万
长白深航翡翠城,"123.4042159131632,41.75569913913679",5,1室1厅,66.57平米,127万
道义碧桂园太阳城,"123.43236656208214,41.949660503225569",15,2室2厅,77.18平米,72万
正良华强城二期,"123.41172583705719,41.91515910604683",13,1室1厅,56.16平米,62万
陵西沙河子小区,"123.41954001702737,41.84927589593298",7,2室1厅,56.8平米,44万
白塔郡原小石城七期,"123.41984499174801,41.69925387727729",3,3室2厅,88.79平米,92万
陵西陵西二小区,"123.411665650588,41.86461139328558",1,1室1厅,47平米,21万
市府晓春社区,"123.45174076616859,41.81345025546887",9,2室2厅,59.52平米,56.8万
陵西沙河小区,"123.41954001702737,41.84927589593298",8,2室1厅,55平米,28万
满融九洲御府,"123.38837016328941,41.708938801372507",2,2室1厅,87平米,103万
奥体首创国际城,"123.45108895569057,41.73828787538557",16,2室2厅,97.62平米,125万
重工街锦绣四合院,"123.3306658020755,41.83155429528007",11,2室1厅,80.06平米,72万
道义宏颐泷园,"123.39765864226257,41.9466382269303",8,2室1厅,64.78平米,45万
塔湾亿海阳光一期,"123.36270512571658,41.83221124417742",1,2室1厅,86.04平米,88万
长白新加坡城,"123.40133495756216,41.734939737245067",11,2室2厅,90.43平米,169万
西三台子华锐桃源欣城,"123.4075010164132,41.88039285806388",4,2室1厅,81.66平米,72万
保工北富云新都东区,"123.36712954984488,41.816542122947058",10,2室2厅,88平米,94万
三台子加华小城,"123.42988095073604,41.90161044547504",0,2室1厅,72.4平米,66万
道义龙湖源著,"123.45609853602805,41.957248888082769",17,2室1厅,83.33平米,69.5万
西三台子七彩阳光,"123.40773780974563,41.873223699429278",9,2室1厅,97.58平米,73万
新市府泰莱枫尚,"123.44329902996914,41.692259683604657",4,2室2厅,94.42平米,92万
于洪广场明地家园,"123.30143098823658,41.79713372391874",1,2室1厅,72.04平米,65万
于洪新城碧桂园银河城星荟,"123.33936364517587,41.760773487422209",6,1室1厅,59.32平米,67万
张士佰世品德,"123.31025531275273,41.77533973735672",3,2室2厅,77.56平米,78万
东湖其仕盛和祥,"123.36490444709665,41.81216775199934",2,2室2厅,83平米,100万
重工街凯荣国际花园禧乐都,"123.33617250468223,41.8241538456421",6,2室1厅,89平米,89万
于洪新城金穗世纪花园,"123.33409166979891,41.77824759802663",0,2室1厅,62.09平米,48.5万
东北大马路巧克力城,"123.50458104289354,41.833071574865119",10,2室1厅,62平米,50万
白塔百荷湾,"123.43506058030657,41.69247663301982",3,3室2厅,81平米,80万
新市府月星国际城,"123.47675345428009,41.705639746534298",12,2室1厅,68.06平米,70万
东湖金地艺境,"123.5721330180741,41.79782887486413",8,2室2厅,65.6平米,87万
造化幸福阳光,"123.38336112193523,41.89686842451067",4,2室1厅,82平米,54万
于洪新城阳光100国际新城C组团,"123.369779012116,41.758321890256947",1,2室2厅,75.29平米,88万
会展中心顶盛国际花园,"123.4002624706138,41.70173986023116",14,2室1厅,76.84平米,70万
于洪广场万科公园大道,"123.30768807507985,41.79561320737353",16,2室2厅,78平米,80万
西三台子赤山小区,"122.63645395650627,41.81711401492",10,2室1厅,51平米,28万
东湖荣盛紫提东郡二期,"123.55719761100412,41.77395330751448",9,2室1厅,78平米,80万
经济技术开发区银湖雅苑・V街区,"123.24986402992795,41.75235790278419",0,2室2厅,76.88平米,71万
长白远洋和平府,"123.40825649134709,41.76030843917647",3,1室1厅,56平米,120万
经济技术开发区荣盛幸福大道,"123.2575173233813,41.754466124259909",6,2室2厅,79.9平米,61万
北行嘉陵江社区,"123.42218040641285,41.836003449336079",2,2室1厅,56平米,78万
望花望花新村,"123.48794095110134,41.85606863857387",5,2室1厅,61.1平米,39万
白塔金石小镇,"123.42994841347984,41.68292760225968",2,2室2厅,80.46平米,87万
重工街保利心语花园,"123.32891769955308,41.82305386049673",5,1室1厅,55平米,49万
长白滨河湾一期,"123.41724691255206,41.73836336946924",12,1室1厅,50平米,76万
奥体首创国际城,"123.45108895569057,41.73828787538557",16,3室1厅,96.65平米,143万
道义亚泰城,"123.4660961373708,41.94102289883927",3,2室1厅,77.16平米,80万
二十一世纪万科明天广场,"123.46339205812467,41.72977463746614",6,3室2厅,116.66平米,180万
奥体名流印象四期,"123.46885097087825,41.81519691328212",4,1室1厅,65.46平米,83万
长白越秀星汇蓝海,"123.39290301289275,41.744221827885329",6,2室2厅,82平米,160万
云峰巴塞罗那二期,"123.38607598084747,41.80475590346823",15,2室1厅,75.65平米,130万
于洪新城秋实园,"123.37572516577819,41.76820693765702",3,2室2厅,95平米,68万
重工街凯荣国际花园禧乐都,"123.33617250468223,41.8241538456421",4,2室1厅,85.36平米,83万
道义七星九龙湾,"123.42453531430727,41.964773809076238",9,2室1厅,55.16平米,42.5万
奥体沿海赛洛城,"123.46629897475495,41.73607367892225",13,2室1厅,83.5平米,99万
西三台子阳光尚城一期,"123.4068341144026,41.8776049444804",20,2室1厅,88平米,75万
道义荣盛盛京绿洲,"123.42590154715738,41.95907299038034",1,2室2厅,78平米,65万
道义亚泰城,"123.4660961373708,41.94102289883927",4,2室1厅,56.1平米,83万
